CREATE DATABASE  IF NOT EXISTS `diabetes_health_indicators_db` /*!40100 DEFAULT CHARACTER SET utf8mb3 */ /*!80016 DEFAULT ENCRYPTION='N' */;
USE `diabetes_health_indicators_db`;
-- MySQL dump 10.13  Distrib 8.0.43, for macos15 (arm64)
--
-- Host: localhost    Database: diabetes_health_indicators_db
-- ------------------------------------------------------
-- Server version	9.4.0

/*!40101 SET @OLD_CHARACTER_SET_CLIENT=@@CHARACTER_SET_CLIENT */;
/*!40101 SET @OLD_CHARACTER_SET_RESULTS=@@CHARACTER_SET_RESULTS */;
/*!40101 SET @OLD_COLLATION_CONNECTION=@@COLLATION_CONNECTION */;
/*!50503 SET NAMES utf8 */;
/*!40103 SET @OLD_TIME_ZONE=@@TIME_ZONE */;
/*!40103 SET TIME_ZONE='+00:00' */;
/*!40014 SET @OLD_UNIQUE_CHECKS=@@UNIQUE_CHECKS, UNIQUE_CHECKS=0 */;
/*!40014 SET @OLD_FOREIGN_KEY_CHECKS=@@FOREIGN_KEY_CHECKS, FOREIGN_KEY_CHECKS=0 */;
/*!40101 SET @OLD_SQL_MODE=@@SQL_MODE, SQL_MODE='NO_AUTO_VALUE_ON_ZERO' */;
/*!40111 SET @OLD_SQL_NOTES=@@SQL_NOTES, SQL_NOTES=0 */;

--
-- Table structure for table `Clinical_Conditons`
--

DROP TABLE IF EXISTS `Clinical_Conditons`;
/*!40101 SET @saved_cs_client     = @@character_set_client */;
/*!50503 SET character_set_client = utf8mb4 */;
CREATE TABLE `Clinical_Conditons` (
  `Clinical_Conditions_id` int NOT NULL AUTO_INCREMENT,
  `High_Blood_Pressure` tinyint NOT NULL,
  `High_Cholestorol` tinyint NOT NULL,
  `Heart_Disease_or_Attack` tinyint NOT NULL,
  `Stroke_History` tinyint NOT NULL,
  PRIMARY KEY (`Clinical_Conditions_id`)
) ENGINE=InnoDB AUTO_INCREMENT=998 DEFAULT CHARSET=utf8mb3;
/*!40101 SET character_set_client = @saved_cs_client */;

--
-- Dumping data for table `Clinical_Conditons`
--

LOCK TABLES `Clinical_Conditons` WRITE;
/*!40000 ALTER TABLE `Clinical_Conditons` DISABLE KEYS */;
INSERT INTO `Clinical_Conditons` VALUES (1,1,1,0,0),(2,0,0,0,0),(3,1,1,0,0),(4,1,0,0,0),(5,1,1,0,0),(6,1,1,0,0),(7,1,0,0,0),(8,1,1,0,0),(9,1,1,1,0),(10,0,0,0,0),(11,0,0,0,0),(12,1,1,0,0),(13,0,0,0,0),(14,1,1,0,0),(15,0,1,0,1),(16,1,0,0,0),(17,1,1,0,0),(18,0,0,0,0),(19,0,0,0,0),(20,0,1,0,0),(21,1,1,1,1),(22,1,1,0,0),(23,0,0,0,0),(24,1,0,0,0),(25,1,1,0,0),(26,0,0,0,0),(27,1,1,1,1),(28,1,1,1,0),(29,1,1,0,0),(30,0,1,0,0),(31,1,1,0,1),(32,1,0,0,0),(33,0,0,0,0),(34,1,0,0,0),(35,1,1,0,0),(36,1,0,0,0),(37,1,1,0,0),(38,0,0,0,0),(39,0,0,0,0),(40,1,1,0,0),(41,0,0,0,0),(42,1,0,0,0),(43,0,0,0,1),(44,1,0,0,0),(45,0,1,0,0),(46,0,1,0,0),(47,0,0,0,0),(48,1,1,1,0),(49,1,1,0,0),(50,1,1,0,0),(51,1,1,1,0),(52,1,0,0,0),(53,1,1,0,0),(54,0,0,0,0),(55,0,1,0,0),(56,0,0,0,0),(57,0,0,0,0),(58,0,1,0,0),(59,1,1,1,0),(60,0,0,0,0),(61,1,0,0,0),(62,1,0,0,0),(63,1,0,0,0),(64,1,1,0,0),(65,1,1,0,0),(66,1,1,1,1),(67,0,1,0,0),(68,1,0,0,0),(69,1,0,0,0),(70,1,1,1,1),(71,1,1,0,0),(72,1,1,1,0),(73,0,0,0,0),(74,0,0,0,0),(75,0,1,0,0),(76,0,0,0,0),(77,1,0,0,0),(78,1,1,1,0),(79,1,1,0,0),(80,1,0,0,0),(81,1,0,0,0),(82,1,1,0,0),(83,1,1,0,1),(84,0,1,1,0),(85,0,0,0,0),(86,1,1,0,0),(87,0,1,0,0),(88,1,0,0,0),(89,0,0,0,0),(90,1,1,1,0),(91,1,1,0,0),(92,0,0,0,0),(93,1,1,0,0),(94,0,1,0,1),(95,0,0,0,0),(96,1,1,1,0),(97,0,0,0,0),(98,1,0,0,0),(99,1,1,0,0),(100,1,1,1,0),(101,1,0,0,0),(102,0,1,1,0),(103,1,1,0,0),(104,1,1,0,0),(105,0,1,0,0),(106,1,0,0,0),(107,0,1,0,0),(108,1,1,0,0),(109,1,0,0,0),(110,1,1,0,0),(111,0,0,0,0),(112,1,1,0,0),(113,0,0,0,0),(114,1,0,0,0),(115,0,1,0,0),(116,0,0,0,0),(117,0,0,1,0),(118,0,1,0,0),(119,1,1,0,0),(120,0,1,0,0),(121,1,1,0,0),(122,0,0,0,0),(123,0,1,1,0),(124,1,1,0,0),(125,0,1,0,0),(126,0,0,0,0),(127,1,1,1,1),(128,1,1,0,0),(129,0,1,0,0),(130,1,1,0,0),(131,0,0,0,0),(132,0,1,0,0),(133,1,1,1,0),(134,0,1,0,0),(135,1,1,0,0),(136,0,1,0,0),(137,1,1,0,0),(138,1,1,0,0),(139,0,1,0,0),(140,1,1,0,0),(141,0,0,0,0),(142,1,1,0,1),(143,0,0,0,0),(144,1,0,0,0),(145,1,1,0,0),(146,0,1,0,0),(147,1,1,0,1),(148,0,0,0,0),(149,1,1,0,0),(150,0,0,0,0),(151,1,1,0,0),(152,1,1,0,0),(153,1,0,0,0),(154,1,0,0,0),(155,1,1,0,0),(156,0,0,0,0),(157,1,1,0,0),(158,0,1,1,0),(159,1,1,0,0),(160,1,0,0,0),(161,0,1,0,0),(162,0,0,0,0),(163,0,0,0,0),(164,1,0,0,0),(165,0,0,0,0),(166,1,0,0,0),(167,0,1,0,0),(168,1,1,0,0),(169,0,1,0,0),(170,1,1,0,0),(171,1,1,0,0),(172,1,1,1,0),(173,0,1,0,0),(174,0,0,0,0),(175,1,1,1,1),(176,0,0,0,0),(177,1,0,0,0),(178,1,1,1,0),(179,1,1,1,0),(180,0,1,0,0),(181,0,0,0,0),(182,1,1,0,0),(183,0,1,0,0),(184,1,1,0,0),(185,1,1,0,0),(186,0,0,0,0),(187,1,1,0,0),(188,0,1,0,0),(189,1,0,0,0),(190,1,1,0,0),(191,1,0,0,0),(192,0,0,1,0),(193,1,0,0,0),(194,1,1,0,0),(195,1,0,0,0),(196,1,1,0,0),(197,0,0,0,0),(198,1,1,1,1),(199,0,1,0,0),(200,0,0,0,0),(201,0,0,0,0),(202,1,1,0,0),(203,0,0,0,0),(204,1,1,0,1),(205,1,0,0,0),(206,0,0,0,0),(207,0,0,0,0),(208,0,0,0,0),(209,0,1,0,0),(210,1,1,0,0),(211,1,1,0,0),(212,0,0,0,0),(213,0,1,0,0),(214,1,0,0,0),(215,0,0,0,0),(216,0,1,0,0),(217,1,0,0,0),(218,1,1,0,1),(219,1,1,0,0),(220,1,0,0,0),(221,0,0,0,0),(222,1,1,1,0),(223,1,0,0,0),(224,1,0,0,0),(225,0,0,0,0),(226,0,0,0,0),(227,1,1,0,0),(228,0,1,0,0),(229,1,0,0,0),(230,1,0,0,0),(231,0,1,0,0),(232,0,0,0,0),(233,0,1,0,0),(234,0,1,0,0),(235,0,1,0,0),(236,1,0,0,0),(237,1,1,0,0),(238,1,1,0,0),(239,1,1,0,0),(240,1,1,0,0),(241,0,1,0,0),(242,0,0,0,0),(243,0,0,0,0),(244,0,0,0,0),(245,1,0,0,0),(246,1,0,0,0),(247,0,0,0,0),(248,1,1,0,0),(249,0,0,0,0),(250,1,1,1,0),(251,1,1,0,0),(252,1,1,0,0),(253,0,1,0,0),(254,0,0,0,0),(255,1,1,1,0),(256,0,0,1,0),(257,1,1,0,0),(258,0,1,0,0),(259,1,1,0,0),(260,0,0,0,0),(261,0,1,0,1),(262,1,1,1,0),(263,0,0,0,0),(264,0,0,0,0),(265,1,0,0,0),(266,1,0,1,0),(267,0,0,0,0),(268,1,1,0,0),(269,1,1,1,1),(270,1,1,0,0),(271,0,0,0,0),(272,0,0,0,0),(273,1,1,0,0),(274,1,1,0,0),(275,1,1,0,0),(276,1,1,0,1),(277,0,0,0,0),(278,1,1,0,0),(279,0,0,0,0),(280,1,0,0,0),(281,0,1,0,0),(282,1,1,0,0),(283,1,1,0,0),(284,1,1,0,0),(285,1,1,0,0),(286,1,1,0,0),(287,1,1,0,0),(288,1,1,0,0),(289,1,0,0,0),(290,0,0,0,0),(291,0,1,0,0),(292,1,1,0,1),(293,1,0,1,0),(294,1,0,0,0),(295,1,1,1,0),(296,1,0,0,0),(297,0,0,0,0),(298,0,0,0,0),(299,1,0,0,0),(300,0,0,0,0),(301,0,0,0,0),(302,0,1,0,0),(303,0,1,0,0),(304,1,0,0,0),(305,1,1,1,0),(306,1,1,1,0),(307,0,1,0,0),(308,1,1,0,0),(309,1,1,1,1),(310,0,1,0,0),(311,1,0,1,0),(312,1,1,0,0),(313,0,0,0,0),(314,0,1,0,0),(315,1,1,0,0),(316,1,1,1,0),(317,1,1,1,0),(318,1,1,0,1),(319,0,0,0,0),(320,0,0,0,0),(321,1,1,0,1),(322,1,1,0,0),(323,1,1,0,0),(324,1,0,0,0),(325,1,1,1,0),(326,1,0,0,0),(327,1,0,0,0),(328,0,0,0,0),(329,0,0,0,0),(330,0,1,0,0),(331,1,1,0,0),(332,1,1,0,0),(333,0,0,0,0),(334,0,1,0,0),(335,1,0,0,0),(336,1,1,0,0),(337,0,0,1,0),(338,1,1,1,0),(339,0,0,0,0),(340,0,0,0,0),(341,1,1,0,0),(342,1,1,0,0),(343,1,0,0,0),(344,0,1,0,0),(345,1,0,1,1),(346,0,1,0,0),(347,1,0,0,0),(348,0,1,0,0),(349,0,0,1,0),(350,0,0,0,0),(351,1,0,0,1),(352,0,0,0,0),(353,1,1,1,0),(354,1,0,0,1),(355,0,1,0,0),(356,1,1,0,0),(357,0,0,0,0),(358,0,1,0,0),(359,1,1,0,0),(360,0,0,0,0),(361,1,1,0,0),(362,1,1,1,0),(363,0,0,0,0),(364,1,1,1,1),(365,1,0,0,0),(366,0,0,0,0),(367,0,1,0,0),(368,1,1,0,0),(369,1,1,0,0),(370,1,1,0,0),(371,0,1,0,0),(372,1,0,0,0),(373,1,0,0,0),(374,0,1,0,0),(375,1,0,0,0),(376,1,0,0,1),(377,0,1,0,0),(378,0,0,0,0),(379,0,1,0,0),(380,1,1,0,0),(381,1,1,0,0),(382,1,1,1,0),(383,1,1,0,0),(384,1,0,0,0),(385,1,0,0,0),(386,0,0,0,0),(387,0,0,0,0),(388,0,1,0,0),(389,1,0,0,1),(390,1,0,0,0),(391,1,1,0,0),(392,1,0,0,0),(393,0,0,0,0),(394,1,0,1,0),(395,0,0,0,0),(396,1,1,0,0),(397,1,1,1,0),(398,1,0,0,0),(399,1,0,0,0),(400,0,0,0,0),(401,1,1,1,0),(402,1,0,0,0),(403,1,1,0,0),(404,1,1,0,1),(405,0,0,0,0),(406,1,0,0,0),(407,1,1,0,0),(408,1,0,0,0),(409,1,1,1,0),(410,0,1,0,0),(411,0,1,0,0),(412,1,0,0,0),(413,0,1,0,0),(414,1,0,1,0),(415,1,1,1,0),(416,1,0,0,0),(417,1,1,0,0),(418,1,1,1,1),(419,1,1,0,0),(420,0,1,0,0),(421,1,1,0,1),(422,1,1,1,1),(423,1,0,0,0),(424,1,1,0,0),(425,0,0,0,0),(426,1,1,0,0),(427,1,0,0,0),(428,1,0,0,0),(429,1,1,0,0),(430,1,1,0,0),(431,1,0,0,0),(432,1,0,1,0),(433,1,1,0,0),(434,0,1,0,0),(435,1,1,0,0),(436,1,1,0,0),(437,0,0,0,0),(438,1,0,0,0),(439,0,0,0,0),(440,1,0,0,0),(441,1,0,1,1),(442,1,1,0,0),(443,0,0,0,0),(444,1,0,0,0),(445,0,1,0,0),(446,0,1,1,0),(447,1,0,0,1),(448,1,0,0,0),(449,1,1,0,0),(450,1,1,1,0),(451,1,1,1,0),(452,0,1,0,0),(453,0,0,0,0),(454,0,1,0,0),(455,0,0,0,0),(456,1,0,0,0),(457,1,1,0,1),(458,1,1,0,0),(459,1,0,0,0),(460,1,1,0,0),(461,1,0,0,0),(462,1,0,0,0),(463,0,0,0,0),(464,1,0,0,0),(465,0,0,0,0),(466,1,1,0,0),(467,1,1,0,0),(468,0,0,0,0),(469,0,1,0,0),(470,1,1,0,0),(471,1,1,0,0),(472,1,1,0,0),(473,0,0,0,0),(474,0,0,0,0),(475,1,0,0,0),(476,0,1,0,0),(477,1,0,0,0),(478,0,0,0,0),(479,0,1,0,1),(480,1,1,0,0),(481,0,0,0,0),(482,0,1,0,1),(483,0,0,0,0),(484,0,1,0,0),(485,1,0,0,0),(486,1,0,0,0),(487,1,1,0,0),(488,1,1,0,0),(489,0,0,1,0),(490,0,0,0,0),(491,1,1,0,0),(492,0,1,0,0),(493,0,0,0,1),(494,1,1,0,0),(495,0,1,0,0),(496,1,1,1,0),(497,1,0,1,0),(498,0,1,0,0),(499,1,1,0,0),(500,1,0,0,0),(501,0,0,0,0),(502,1,0,1,0),(503,1,1,0,0),(504,1,0,0,0),(505,1,1,0,0),(506,1,1,0,0),(507,1,1,0,1),(508,1,0,0,0),(509,1,1,1,0),(510,1,0,1,0),(511,1,1,0,0),(512,0,0,0,0),(513,0,0,0,0),(514,1,1,0,0),(515,1,1,0,0),(516,1,1,0,0),(517,0,1,0,0),(518,1,0,0,0),(519,0,1,0,0),(520,0,1,0,0),(521,1,1,0,0),(522,0,0,0,0),(523,1,1,0,0),(524,0,0,0,0),(525,1,1,0,0),(526,1,0,0,1),(527,1,1,1,0),(528,1,0,0,0),(529,1,0,0,0),(530,0,0,0,0),(531,1,1,0,0),(532,0,0,0,0),(533,1,0,0,0),(534,1,0,0,0),(535,0,0,0,0),(536,0,0,0,0),(537,1,1,0,0),(538,1,0,1,0),(539,1,1,0,0),(540,0,0,1,0),(541,1,1,1,0),(542,1,1,1,0),(543,1,0,0,0),(544,1,1,0,0),(545,1,0,0,0),(546,0,1,1,0),(547,0,0,0,0),(548,0,0,0,0),(549,0,1,0,0),(550,0,0,0,0),(551,1,1,0,0),(552,1,1,1,0),(553,1,0,0,0),(554,1,0,0,0),(555,0,0,0,0),(556,1,1,0,0),(557,1,1,1,0),(558,1,1,0,0),(559,0,0,0,0),(560,1,1,0,0),(561,1,0,1,1),(562,1,1,0,0),(563,1,0,0,0),(564,1,1,0,0),(565,1,1,0,0),(566,1,1,0,0),(567,1,0,0,0),(568,0,0,0,0),(569,0,0,0,0),(570,1,1,0,0),(571,1,1,0,0),(572,0,0,0,0),(573,0,1,0,0),(574,0,0,0,0),(575,1,0,0,0),(576,0,0,0,0),(577,0,0,0,0),(578,0,0,0,0),(579,0,1,0,0),(580,1,1,0,0),(581,0,1,0,0),(582,1,1,0,0),(583,0,0,1,0),(584,0,1,0,0),(585,0,0,0,0),(586,1,1,0,0),(587,0,0,0,0),(588,0,0,0,0),(589,1,0,0,0),(590,0,1,0,0),(591,0,1,0,0),(592,0,1,0,0),(593,1,0,0,0),(594,1,0,0,0),(595,1,1,0,0),(596,1,0,0,0),(597,0,0,0,0),(598,1,1,0,0),(599,0,0,0,0),(600,1,0,0,0),(601,0,0,0,0),(602,1,0,1,1),(603,0,1,0,0),(604,1,1,0,0),(605,1,1,0,0),(606,1,1,0,0),(607,1,0,1,1),(608,1,1,1,0),(609,0,0,0,0),(610,0,0,0,0),(611,1,0,0,0),(612,0,1,0,0),(613,1,1,1,1),(614,0,0,0,0),(615,0,0,0,0),(616,1,1,0,0),(617,0,0,0,0),(618,0,0,0,0),(619,1,1,0,0),(620,1,0,0,0),(621,1,0,0,0),(622,1,1,1,1),(623,0,0,0,0),(624,1,1,0,0),(625,0,0,0,0),(626,1,0,0,0),(627,1,1,0,0),(628,1,0,0,0),(629,1,0,0,0),(630,1,1,0,0),(631,0,0,0,0),(632,1,1,0,0),(633,1,0,0,0),(634,0,0,0,0),(635,1,0,0,0),(636,1,1,0,0),(637,1,1,0,0),(638,1,1,0,0),(639,1,0,0,0),(640,0,1,0,0),(641,0,0,0,0),(642,1,1,0,0),(643,1,0,0,1),(644,0,1,0,0),(645,1,1,0,0),(646,1,1,0,0),(647,1,1,1,0),(648,1,0,0,0),(649,1,0,0,0),(650,1,1,0,0),(651,1,1,1,0),(652,0,1,0,0),(653,1,1,0,0),(654,0,0,0,0),(655,0,0,0,0),(656,1,1,0,0),(657,0,0,0,0),(658,1,1,1,0),(659,0,0,0,0),(660,1,1,0,0),(661,1,1,0,0),(662,1,0,0,0),(663,0,1,1,0),(664,0,0,0,0),(665,0,0,0,0),(666,0,1,0,0),(667,0,0,0,0),(668,1,1,0,0),(669,1,1,0,0),(670,1,0,0,0),(671,1,0,0,0),(672,1,1,0,1),(673,0,0,0,0),(674,1,0,0,0),(675,0,1,0,0),(676,1,1,0,0),(677,1,1,0,0),(678,1,0,0,0),(679,0,0,0,0),(680,0,1,0,0),(681,1,1,0,0),(682,0,1,1,0),(683,1,1,0,0),(684,0,0,0,0),(685,1,0,0,1),(686,0,1,0,0),(687,1,0,0,0),(688,1,1,0,0),(689,1,1,0,0),(690,0,1,0,0),(691,0,1,0,0),(692,0,0,0,0),(693,0,0,0,0),(694,0,0,0,0),(695,1,0,0,0),(696,1,1,1,0),(697,0,0,0,0),(698,0,0,0,0),(699,1,1,0,0),(700,0,0,0,0),(701,1,0,0,0),(702,1,1,0,0),(703,1,0,0,0),(704,0,1,0,0),(705,0,0,0,0),(706,0,1,0,0),(707,1,0,0,0),(708,1,0,0,1),(709,0,0,0,0),(710,1,1,0,0),(711,1,1,0,0),(712,1,1,0,0),(713,1,0,1,0),(714,1,1,0,0),(715,1,0,0,0),(716,1,1,0,0),(717,1,0,0,0),(718,0,0,0,0),(719,1,0,0,0),(720,1,1,0,0),(721,0,0,0,0),(722,1,0,0,0),(723,1,0,0,0),(724,1,1,0,0),(725,0,0,0,0),(726,0,0,0,0),(727,1,1,0,0),(728,1,1,1,0),(729,1,0,0,0),(730,1,1,0,0),(731,0,1,0,0),(732,0,0,0,0),(733,1,0,1,0),(734,0,0,0,0),(735,0,0,0,0),(736,1,1,0,1),(737,1,0,0,0),(738,0,0,0,0),(739,1,0,0,0),(740,1,1,0,0),(741,1,0,0,0),(742,0,0,0,0),(743,1,1,0,0),(744,0,1,0,0),(745,0,1,0,0),(746,1,1,0,0),(747,1,0,0,1),(748,0,1,0,0),(749,1,1,1,0),(750,1,0,0,0),(751,1,1,1,0),(752,0,1,0,0),(753,1,1,0,0),(754,1,1,0,0),(755,1,0,0,0),(756,0,0,0,0),(757,1,0,0,1),(758,1,1,0,0),(759,1,1,0,0),(760,0,0,0,0),(761,0,1,0,1),(762,0,0,0,0),(763,0,1,0,0),(764,0,0,0,0),(765,1,1,0,0),(766,1,0,0,0),(767,1,1,0,0),(768,0,1,0,0),(769,1,1,0,0),(770,1,0,0,0),(771,0,1,0,1),(772,0,1,0,0),(773,0,1,0,0),(774,0,1,0,0),(775,0,1,1,0),(776,0,1,0,0),(777,0,1,0,0),(778,1,0,0,0),(779,0,0,0,0),(780,1,1,0,0),(781,0,0,0,0),(782,1,1,0,0),(783,1,1,0,0),(784,0,1,0,0),(785,1,0,1,0),(786,0,0,0,0),(787,0,1,0,1),(788,1,1,0,0),(789,1,0,0,0),(790,1,1,0,0),(791,0,0,0,0),(792,1,0,0,0),(793,0,0,0,0),(794,0,0,0,0),(795,1,1,0,0),(796,0,0,0,0),(797,1,1,0,1),(798,1,1,1,0),(799,0,0,0,0),(800,1,0,0,0),(801,0,0,0,0),(802,1,1,0,0),(803,0,0,0,0),(804,1,1,0,0),(805,0,0,0,0),(806,0,0,0,0),(807,0,1,0,0),(808,1,1,1,0),(809,0,1,0,0),(810,1,1,0,0),(811,1,0,0,0),(812,0,1,0,0),(813,1,1,0,0),(814,0,1,0,0),(815,0,0,0,0),(816,1,1,0,0),(817,1,0,0,0),(818,1,0,0,0),(819,1,0,0,0),(820,1,1,0,0),(821,1,1,0,0),(822,1,0,0,0),(823,0,0,0,0),(824,1,0,0,0),(825,0,1,0,0),(826,1,1,0,0),(827,1,1,0,0),(828,1,0,0,0),(829,0,1,0,0),(830,1,1,0,0),(831,1,0,0,0),(832,1,1,0,0),(833,1,0,1,0),(834,0,0,0,0),(835,0,0,0,0),(836,0,0,0,0),(837,0,1,1,0),(838,1,1,0,0),(839,1,1,0,0),(840,0,1,0,0),(841,1,1,1,0),(842,1,0,0,0),(843,0,1,0,0),(844,0,0,0,0),(845,0,1,0,0),(846,1,1,1,0),(847,1,1,0,0),(848,1,1,0,0),(849,1,1,0,0),(850,0,0,0,1),(851,1,1,1,0),(852,1,1,1,1),(853,1,1,1,1),(854,1,1,0,0),(855,0,1,0,0),(856,1,0,0,0),(857,1,1,0,0),(858,1,1,0,1),(859,1,0,0,0),(860,1,1,0,0),(861,0,0,1,1),(862,0,0,0,0),(863,1,0,1,0),(864,0,0,0,0),(865,0,0,0,0),(866,0,1,0,0),(867,1,1,0,0),(868,0,0,0,0),(869,0,0,0,0),(870,0,1,0,0),(871,0,0,0,0),(872,0,0,0,0),(873,0,0,0,0),(874,0,1,0,0),(875,0,0,0,0),(876,1,1,0,0),(877,1,1,0,0),(878,1,1,0,0),(879,0,0,0,0),(880,1,1,0,0),(881,0,1,0,0),(882,1,0,1,0),(883,0,0,0,0),(884,0,0,1,0),(885,1,0,0,0),(886,1,1,1,0),(887,1,0,0,0),(888,1,1,0,0),(889,1,1,0,0),(890,1,1,0,0),(891,0,1,0,0),(892,1,0,0,0),(893,1,0,1,0),(894,1,1,0,0),(895,0,0,0,0),(896,0,0,0,0),(897,1,1,0,0),(898,1,1,1,0),(899,1,1,0,0),(900,1,0,0,0),(901,1,1,0,0),(902,0,0,0,0),(903,1,0,0,0),(904,0,0,0,0),(905,0,0,0,0),(906,0,1,0,0),(907,1,1,0,0),(908,1,1,0,0),(909,0,1,0,0),(910,1,1,1,0),(911,0,0,0,0),(912,1,0,0,0),(913,0,1,0,0),(914,1,1,0,0),(915,0,1,0,0),(916,0,0,0,0),(917,1,1,0,0),(918,0,0,0,0),(919,1,1,0,0),(920,1,1,1,1),(921,1,1,1,0),(922,1,0,0,0),(923,1,0,0,0),(924,1,0,0,0),(925,0,0,0,0),(926,1,1,1,1),(927,1,1,0,0),(928,1,0,1,0),(929,1,1,1,0),(930,0,1,0,0),(931,0,1,0,0),(932,1,1,0,0),(933,1,0,0,0),(934,0,0,0,0),(935,1,1,0,0),(936,0,0,0,0),(937,1,1,1,1),(938,1,1,0,0),(939,1,1,1,0),(940,0,0,0,0),(941,1,1,0,0),(942,0,0,0,0),(943,1,0,0,0),(944,0,1,1,0),(945,1,1,0,0),(946,0,0,0,0),(947,1,1,1,0),(948,0,1,0,0),(949,1,0,0,0),(950,1,1,1,0),(951,1,0,0,0),(952,1,1,1,0),(953,1,1,0,0),(954,0,0,0,0),(955,0,0,0,0),(956,1,0,0,0),(957,1,1,0,0),(958,0,1,0,0),(959,0,1,0,0),(960,0,0,0,0),(961,0,0,0,0),(962,0,0,0,0),(963,1,1,0,0),(964,0,1,0,0),(965,0,0,0,0),(966,1,0,1,0),(967,1,0,0,0),(968,1,1,1,0),(969,0,0,0,0),(970,1,1,1,0),(971,1,1,1,0),(972,0,0,0,0),(973,1,1,0,1),(974,0,0,0,0),(975,1,0,0,0),(976,1,1,0,0),(977,1,0,0,0),(978,1,1,0,0),(979,1,0,0,0),(980,0,1,1,0),(981,1,1,0,0),(982,0,0,0,0),(983,1,0,0,0),(984,1,1,0,0),(985,1,0,0,0),(986,1,0,0,0),(987,1,1,1,0),(988,1,0,0,0),(989,1,0,0,0),(990,1,0,0,0),(991,1,1,1,0),(992,0,1,0,0),(993,0,0,0,0),(994,0,1,0,0),(995,1,1,0,0),(996,0,0,0,0),(997,0,0,0,0);
/*!40000 ALTER TABLE `Clinical_Conditons` ENABLE KEYS */;
UNLOCK TABLES;

--
-- Table structure for table `Demographics`
--

DROP TABLE IF EXISTS `Demographics`;
/*!40101 SET @saved_cs_client     = @@character_set_client */;
/*!50503 SET character_set_client = utf8mb4 */;
CREATE TABLE `Demographics` (
  `Demographics_id` int NOT NULL AUTO_INCREMENT,
  `Sex` varchar(10) NOT NULL,
  `Education` int NOT NULL,
  `Age` int NOT NULL,
  `Income` int NOT NULL,
  PRIMARY KEY (`Demographics_id`)
) ENGINE=InnoDB AUTO_INCREMENT=998 DEFAULT CHARSET=utf8mb3;
/*!40101 SET character_set_client = @saved_cs_client */;

--
-- Dumping data for table `Demographics`
--

LOCK TABLES `Demographics` WRITE;
/*!40000 ALTER TABLE `Demographics` DISABLE KEYS */;
INSERT INTO `Demographics` VALUES (1,'0',4,9,3),(2,'0',6,7,1),(3,'0',4,9,8),(4,'0',3,11,6),(5,'0',5,11,4),(6,'1',6,10,8),(7,'0',6,9,7),(8,'0',4,11,4),(9,'0',5,9,1),(10,'1',4,8,3),(11,'1',6,13,8),(12,'0',5,10,1),(13,'0',5,7,7),(14,'0',4,11,6),(15,'0',6,4,2),(16,'0',6,6,8),(17,'0',4,10,3),(18,'1',5,7,6),(19,'0',6,2,7),(20,'1',6,4,8),(21,'0',4,12,4),(22,'0',2,13,3),(23,'1',5,5,5),(24,'0',5,13,4),(25,'0',4,9,6),(26,'0',6,5,8),(27,'1',6,10,5),(28,'1',2,12,4),(29,'0',4,8,7),(30,'1',6,12,8),(31,'0',5,9,4),(32,'1',3,13,3),(33,'0',4,6,8),(34,'1',6,11,2),(35,'0',3,12,3),(36,'0',4,9,4),(37,'1',4,8,3),(38,'0',5,12,7),(39,'1',5,4,3),(40,'1',3,9,1),(41,'0',6,4,7),(42,'0',4,13,4),(43,'0',4,7,3),(44,'0',6,9,8),(45,'0',5,8,8),(46,'0',6,8,3),(47,'0',5,7,2),(48,'1',4,10,7),(49,'1',5,10,6),(50,'0',4,11,2),(51,'0',4,9,1),(52,'0',3,7,3),(53,'0',4,10,5),(54,'0',5,10,6),(55,'0',6,4,8),(56,'1',6,11,8),(57,'0',6,6,8),(58,'0',6,10,8),(59,'1',6,11,6),(60,'0',4,7,5),(61,'0',4,11,4),(62,'0',4,11,2),(63,'0',6,9,5),(64,'0',5,7,8),(65,'0',4,10,3),(66,'1',5,11,6),(67,'1',5,8,7),(68,'0',4,13,4),(69,'0',3,10,2),(70,'0',5,7,3),(71,'1',5,12,5),(72,'1',6,7,8),(73,'0',4,7,3),(74,'0',5,7,7),(75,'1',5,1,4),(76,'1',5,6,6),(77,'1',5,8,8),(78,'0',6,12,2),(79,'1',6,11,3),(80,'1',4,8,8),(81,'1',6,7,8),(82,'1',4,7,7),(83,'1',4,13,4),(84,'0',2,13,2),(85,'0',4,10,7),(86,'0',6,9,8),(87,'0',5,1,8),(88,'1',4,8,8),(89,'1',6,5,8),(90,'1',5,13,6),(91,'0',5,10,8),(92,'0',6,3,8),(93,'1',5,11,7),(94,'0',5,11,2),(95,'0',6,5,7),(96,'0',2,9,3),(97,'0',5,3,3),(98,'0',4,9,6),(99,'0',4,11,3),(100,'0',4,7,8),(101,'0',6,9,8),(102,'1',6,12,5),(103,'1',6,9,6),(104,'1',6,9,7),(105,'0',6,6,2),(106,'0',6,10,6),(107,'0',5,8,2),(108,'1',4,7,5),(109,'0',6,10,7),(110,'0',5,7,3),(111,'0',5,4,6),(112,'0',6,13,4),(113,'1',4,9,6),(114,'1',6,8,8),(115,'0',6,8,6),(116,'1',5,3,6),(117,'0',6,11,7),(118,'1',4,6,7),(119,'0',5,7,7),(120,'1',6,7,6),(121,'0',6,7,8),(122,'0',6,7,7),(123,'0',4,10,4),(124,'1',4,10,8),(125,'1',5,5,7),(126,'0',3,6,7),(127,'1',5,12,5),(128,'1',4,7,4),(129,'0',4,7,8),(130,'1',4,13,3),(131,'1',4,4,8),(132,'0',5,8,6),(133,'0',4,11,2),(134,'0',3,8,4),(135,'0',6,12,8),(136,'0',4,11,5),(137,'0',6,10,8),(138,'1',4,12,6),(139,'1',6,5,8),(140,'0',5,9,7),(141,'1',3,1,3),(142,'0',4,9,2),(143,'0',4,11,8),(144,'0',6,8,5),(145,'1',5,8,8),(146,'0',3,12,1),(147,'1',3,9,3),(148,'0',5,7,6),(149,'0',4,11,4),(150,'1',4,12,6),(151,'0',4,8,7),(152,'1',4,12,6),(153,'0',5,12,4),(154,'0',5,8,6),(155,'0',5,10,6),(156,'1',6,5,8),(157,'0',6,11,5),(158,'0',4,13,8),(159,'0',6,9,5),(160,'0',6,8,4),(161,'1',3,10,5),(162,'0',4,9,8),(163,'1',6,8,8),(164,'0',4,8,8),(165,'1',4,11,4),(166,'0',5,10,6),(167,'0',5,8,4),(168,'0',6,10,7),(169,'0',6,8,7),(170,'1',5,12,6),(171,'1',5,10,6),(172,'0',5,12,3),(173,'0',6,7,8),(174,'0',5,7,5),(175,'0',5,10,2),(176,'1',5,4,5),(177,'1',5,10,8),(178,'0',6,13,7),(179,'1',5,8,6),(180,'1',5,7,7),(181,'0',6,7,8),(182,'0',4,13,3),(183,'1',6,5,8),(184,'1',4,11,5),(185,'1',4,9,6),(186,'0',6,8,8),(187,'1',6,7,8),(188,'1',4,8,6),(189,'0',5,10,2),(190,'0',6,9,8),(191,'1',2,9,5),(192,'1',6,9,7),(193,'1',5,10,5),(194,'0',4,7,8),(195,'0',6,11,5),(196,'0',6,9,7),(197,'0',4,12,7),(198,'0',4,12,4),(199,'0',5,8,8),(200,'0',6,6,8),(201,'0',6,6,8),(202,'0',5,11,2),(203,'0',6,7,8),(204,'0',6,9,6),(205,'0',6,7,8),(206,'0',5,12,4),(207,'1',6,13,6),(208,'1',6,6,8),(209,'0',4,13,3),(210,'1',5,7,8),(211,'0',5,9,6),(212,'0',6,6,7),(213,'1',5,10,6),(214,'0',4,4,1),(215,'0',3,8,4),(216,'0',6,6,7),(217,'1',4,8,7),(218,'0',4,12,1),(219,'1',4,9,1),(220,'0',5,10,4),(221,'0',4,2,5),(222,'0',4,8,7),(223,'0',6,12,6),(224,'1',5,8,8),(225,'0',6,6,7),(226,'0',5,5,8),(227,'1',5,12,4),(228,'1',6,10,8),(229,'1',6,10,8),(230,'0',6,12,4),(231,'0',5,7,2),(232,'0',5,6,8),(233,'0',6,11,7),(234,'0',5,8,6),(235,'1',6,9,8),(236,'1',5,8,6),(237,'0',6,12,6),(238,'1',6,12,7),(239,'1',4,8,8),(240,'1',6,11,8),(241,'1',6,11,6),(242,'1',5,10,8),(243,'1',4,13,6),(244,'1',5,6,7),(245,'1',4,12,8),(246,'0',5,7,6),(247,'1',5,6,8),(248,'1',5,7,7),(249,'0',4,13,2),(250,'0',6,10,7),(251,'0',5,13,6),(252,'0',3,13,2),(253,'1',6,9,7),(254,'0',3,12,3),(255,'0',6,9,7),(256,'1',4,9,8),(257,'1',4,10,5),(258,'0',5,7,1),(259,'0',4,8,4),(260,'0',4,10,7),(261,'0',4,13,5),(262,'1',6,10,7),(263,'1',6,8,8),(264,'1',6,8,4),(265,'1',5,12,8),(266,'0',5,11,4),(267,'1',3,11,8),(268,'1',6,10,8),(269,'1',5,10,8),(270,'0',5,11,5),(271,'1',5,5,8),(272,'0',4,5,8),(273,'0',4,11,5),(274,'1',5,9,5),(275,'0',6,10,5),(276,'1',5,8,7),(277,'1',4,10,4),(278,'0',6,10,6),(279,'1',6,4,6),(280,'0',4,10,6),(281,'0',6,4,3),(282,'1',5,9,7),(283,'0',4,10,6),(284,'0',5,10,3),(285,'1',4,7,3),(286,'1',5,9,8),(287,'1',5,7,8),(288,'1',5,11,7),(289,'0',4,8,7),(290,'0',6,11,7),(291,'0',6,10,7),(292,'0',4,11,4),(293,'0',5,13,5),(294,'1',4,11,5),(295,'0',2,7,2),(296,'0',3,12,1),(297,'1',6,8,5),(298,'0',6,9,6),(299,'0',5,6,7),(300,'0',6,7,8),(301,'0',6,8,8),(302,'0',5,9,4),(303,'0',4,13,4),(304,'1',5,13,6),(305,'0',4,10,4),(306,'1',4,9,6),(307,'0',4,9,8),(308,'0',4,7,8),(309,'0',4,11,4),(310,'0',6,8,8),(311,'0',3,6,1),(312,'0',4,8,1),(313,'1',4,9,2),(314,'1',4,5,7),(315,'0',3,13,1),(316,'0',4,9,4),(317,'0',4,13,5),(318,'1',5,13,4),(319,'0',6,5,5),(320,'0',5,3,8),(321,'0',6,13,7),(322,'0',3,8,3),(323,'0',4,7,1),(324,'0',3,9,2),(325,'1',4,8,2),(326,'0',4,7,8),(327,'0',4,13,1),(328,'0',5,7,8),(329,'1',5,4,6),(330,'0',4,11,6),(331,'1',5,8,8),(332,'1',2,12,2),(333,'0',4,10,3),(334,'0',4,12,4),(335,'1',6,7,7),(336,'0',2,11,2),(337,'1',5,11,6),(338,'1',3,11,3),(339,'1',6,10,7),(340,'0',5,11,1),(341,'0',4,10,1),(342,'0',4,9,6),(343,'0',6,6,5),(344,'0',6,9,7),(345,'1',3,6,3),(346,'0',4,5,7),(347,'0',5,8,7),(348,'0',6,7,8),(349,'1',5,9,6),(350,'0',6,8,3),(351,'0',4,13,2),(352,'1',4,9,6),(353,'1',6,9,2),(354,'1',3,10,2),(355,'0',3,9,5),(356,'1',5,6,3),(357,'0',4,2,3),(358,'1',4,8,6),(359,'0',5,12,2),(360,'0',6,4,7),(361,'0',4,6,3),(362,'1',4,11,2),(363,'1',5,9,8),(364,'0',3,11,1),(365,'1',4,9,6),(366,'1',6,7,7),(367,'0',5,9,3),(368,'1',5,13,6),(369,'0',5,13,2),(370,'0',5,4,2),(371,'1',6,6,7),(372,'0',4,6,2),(373,'0',6,5,8),(374,'1',4,5,7),(375,'1',4,10,1),(376,'0',4,8,4),(377,'0',6,6,8),(378,'0',6,9,8),(379,'0',6,13,1),(380,'1',5,7,2),(381,'0',5,9,4),(382,'1',4,12,3),(383,'0',4,12,2),(384,'1',4,8,8),(385,'0',2,10,3),(386,'0',6,8,6),(387,'1',4,1,3),(388,'1',4,10,6),(389,'1',4,10,4),(390,'0',4,12,1),(391,'1',5,7,6),(392,'0',6,10,8),(393,'0',6,8,3),(394,'1',4,9,6),(395,'0',5,4,4),(396,'0',5,8,1),(397,'0',6,13,5),(398,'1',6,13,7),(399,'0',6,10,7),(400,'0',6,8,5),(401,'0',4,9,2),(402,'0',4,10,3),(403,'0',5,9,5),(404,'0',4,9,2),(405,'0',6,3,4),(406,'0',4,8,1),(407,'0',6,9,6),(408,'0',4,12,8),(409,'1',6,10,4),(410,'0',4,5,5),(411,'0',4,8,7),(412,'0',4,11,1),(413,'1',2,5,3),(414,'1',6,10,8),(415,'0',6,12,8),(416,'1',4,11,3),(417,'0',3,10,1),(418,'0',3,10,1),(419,'1',4,10,7),(420,'0',5,3,4),(421,'1',4,9,5),(422,'1',4,8,1),(423,'1',3,13,5),(424,'0',6,11,6),(425,'0',2,9,7),(426,'1',5,4,6),(427,'0',4,10,1),(428,'0',4,10,3),(429,'0',4,10,2),(430,'1',4,3,6),(431,'0',4,12,6),(432,'0',6,10,8),(433,'0',6,10,8),(434,'1',6,9,8),(435,'0',6,10,7),(436,'0',5,8,3),(437,'0',5,8,8),(438,'1',5,5,1),(439,'0',4,1,2),(440,'0',6,5,8),(441,'0',3,13,3),(442,'0',5,10,5),(443,'1',4,6,1),(444,'0',6,7,8),(445,'0',4,9,5),(446,'1',6,10,7),(447,'0',3,12,3),(448,'0',6,13,5),(449,'1',6,9,8),(450,'1',4,10,6),(451,'0',5,11,3),(452,'0',4,10,3),(453,'0',5,9,3),(454,'0',6,8,6),(455,'0',6,10,8),(456,'0',4,8,3),(457,'1',5,10,8),(458,'0',4,11,5),(459,'1',5,11,4),(460,'0',5,11,4),(461,'0',3,9,5),(462,'0',5,11,6),(463,'0',6,12,6),(464,'0',3,10,2),(465,'0',5,8,2),(466,'0',5,9,6),(467,'1',5,4,5),(468,'1',6,10,8),(469,'1',5,5,5),(470,'1',4,8,7),(471,'0',4,7,1),(472,'0',5,10,4),(473,'0',4,11,3),(474,'0',6,5,6),(475,'0',6,7,4),(476,'0',6,2,8),(477,'0',6,9,8),(478,'0',5,12,5),(479,'0',3,8,3),(480,'1',6,10,7),(481,'0',4,4,7),(482,'0',4,9,5),(483,'1',4,2,3),(484,'1',5,10,7),(485,'0',4,9,4),(486,'0',5,11,3),(487,'0',5,12,4),(488,'1',6,13,8),(489,'1',4,7,8),(490,'0',5,9,4),(491,'0',2,9,1),(492,'0',6,9,7),(493,'0',5,9,6),(494,'0',6,10,6),(495,'0',6,11,7),(496,'1',5,12,7),(497,'0',4,10,4),(498,'1',4,8,7),(499,'0',6,10,7),(500,'1',6,10,7),(501,'0',6,6,8),(502,'1',6,12,2),(503,'0',4,9,7),(504,'0',5,8,5),(505,'0',4,12,3),(506,'0',4,9,2),(507,'0',4,13,2),(508,'0',4,8,4),(509,'1',6,12,6),(510,'1',6,10,8),(511,'0',4,11,7),(512,'0',6,13,3),(513,'0',6,10,8),(514,'0',4,12,6),(515,'0',5,12,3),(516,'0',4,9,6),(517,'1',4,11,8),(518,'0',6,6,7),(519,'1',3,10,4),(520,'1',6,13,8),(521,'0',4,10,5),(522,'0',6,12,5),(523,'1',4,9,6),(524,'0',4,13,6),(525,'1',6,7,8),(526,'0',5,11,5),(527,'1',6,11,8),(528,'1',4,10,6),(529,'1',4,4,8),(530,'0',5,9,8),(531,'0',4,11,5),(532,'0',6,13,4),(533,'0',6,10,8),(534,'0',4,9,8),(535,'1',5,8,5),(536,'0',5,8,4),(537,'0',4,9,4),(538,'0',4,9,1),(539,'1',4,13,7),(540,'1',5,13,6),(541,'1',5,9,7),(542,'0',6,11,8),(543,'0',4,7,4),(544,'1',5,8,7),(545,'1',6,11,8),(546,'1',6,7,8),(547,'0',5,8,8),(548,'0',5,11,5),(549,'0',5,2,2),(550,'0',6,7,7),(551,'0',6,8,8),(552,'0',5,10,6),(553,'1',6,11,8),(554,'0',4,11,2),(555,'0',4,13,8),(556,'1',4,9,1),(557,'0',1,9,1),(558,'0',5,12,6),(559,'0',5,12,6),(560,'0',4,7,1),(561,'0',3,10,1),(562,'0',4,10,3),(563,'0',4,9,7),(564,'1',2,10,2),(565,'0',6,11,7),(566,'0',4,13,3),(567,'0',6,9,7),(568,'1',4,13,5),(569,'0',5,7,8),(570,'0',5,9,4),(571,'0',4,10,2),(572,'0',6,8,8),(573,'0',6,10,6),(574,'0',4,3,5),(575,'0',4,11,4),(576,'0',6,9,6),(577,'1',4,6,7),(578,'1',5,9,8),(579,'0',4,5,8),(580,'0',6,13,5),(581,'0',5,13,2),(582,'0',5,8,6),(583,'1',3,13,3),(584,'0',5,11,6),(585,'0',3,2,2),(586,'0',6,9,8),(587,'1',6,10,8),(588,'0',6,6,8),(589,'0',5,10,6),(590,'1',6,9,8),(591,'0',5,11,4),(592,'0',4,12,4),(593,'0',5,7,6),(594,'1',4,11,3),(595,'0',3,13,2),(596,'0',5,9,6),(597,'0',6,9,8),(598,'0',3,11,2),(599,'0',4,7,2),(600,'0',5,11,6),(601,'1',6,13,8),(602,'0',3,13,2),(603,'0',6,11,5),(604,'0',6,7,2),(605,'0',6,13,5),(606,'0',4,13,3),(607,'0',5,12,6),(608,'0',4,12,4),(609,'0',6,8,8),(610,'0',6,4,8),(611,'0',4,9,8),(612,'0',6,7,8),(613,'0',5,13,6),(614,'0',5,2,1),(615,'0',6,3,6),(616,'1',4,13,6),(617,'0',6,11,8),(618,'0',6,8,8),(619,'1',2,11,3),(620,'1',5,10,6),(621,'0',5,11,5),(622,'0',4,8,3),(623,'0',3,3,4),(624,'0',4,9,4),(625,'1',4,7,7),(626,'0',3,11,3),(627,'0',5,8,8),(628,'1',1,9,6),(629,'1',6,5,8),(630,'1',3,10,6),(631,'1',6,3,8),(632,'0',5,12,5),(633,'0',4,10,1),(634,'1',6,10,8),(635,'0',4,7,7),(636,'1',3,9,5),(637,'0',4,11,6),(638,'1',4,11,3),(639,'0',6,11,8),(640,'0',4,12,4),(641,'1',5,1,8),(642,'0',5,11,3),(643,'0',3,13,7),(644,'1',6,9,8),(645,'0',4,9,6),(646,'0',5,9,3),(647,'0',6,6,4),(648,'0',4,11,4),(649,'0',4,8,6),(650,'1',6,13,7),(651,'1',5,10,6),(652,'1',6,10,7),(653,'1',5,9,3),(654,'0',6,10,8),(655,'0',6,7,1),(656,'0',6,10,7),(657,'1',5,9,6),(658,'0',4,13,2),(659,'0',5,3,6),(660,'0',3,13,3),(661,'0',2,12,1),(662,'1',6,10,8),(663,'0',6,11,8),(664,'0',4,10,7),(665,'1',6,11,7),(666,'0',5,11,6),(667,'1',4,10,1),(668,'0',5,12,5),(669,'0',3,13,3),(670,'1',6,8,7),(671,'0',6,5,1),(672,'0',6,10,3),(673,'0',4,13,4),(674,'0',6,8,6),(675,'1',5,5,8),(676,'0',4,6,4),(677,'0',5,10,3),(678,'0',5,8,1),(679,'1',6,12,5),(680,'0',6,10,4),(681,'0',6,9,7),(682,'0',4,12,6),(683,'0',3,12,2),(684,'0',5,8,5),(685,'1',5,9,3),(686,'1',6,10,6),(687,'1',6,9,3),(688,'0',4,11,7),(689,'0',6,7,7),(690,'1',6,8,8),(691,'0',5,8,5),(692,'0',6,7,8),(693,'0',5,11,6),(694,'0',6,7,3),(695,'1',6,8,8),(696,'0',4,10,5),(697,'0',6,6,8),(698,'1',5,7,7),(699,'0',2,9,2),(700,'1',6,4,1),(701,'0',6,8,7),(702,'1',5,11,6),(703,'0',6,8,8),(704,'0',6,4,7),(705,'1',4,11,6),(706,'0',4,9,8),(707,'1',2,11,3),(708,'1',4,10,6),(709,'0',4,10,5),(710,'1',4,8,3),(711,'0',4,13,7),(712,'0',4,11,4),(713,'1',4,12,4),(714,'0',6,13,8),(715,'0',4,11,5),(716,'0',4,12,4),(717,'0',4,12,6),(718,'0',5,7,7),(719,'0',3,11,3),(720,'0',4,8,7),(721,'1',4,12,6),(722,'0',6,11,6),(723,'0',6,7,8),(724,'0',3,9,2),(725,'0',5,3,8),(726,'0',6,11,6),(727,'1',4,8,6),(728,'1',2,11,3),(729,'0',5,13,4),(730,'1',5,10,6),(731,'0',5,8,6),(732,'0',4,7,7),(733,'1',4,11,6),(734,'0',6,1,6),(735,'0',2,10,3),(736,'1',6,7,7),(737,'0',4,10,7),(738,'0',4,8,3),(739,'1',4,12,6),(740,'0',4,7,3),(741,'0',4,13,3),(742,'0',6,9,6),(743,'0',5,10,7),(744,'0',5,8,3),(745,'1',5,2,4),(746,'0',5,12,2),(747,'1',6,11,8),(748,'1',6,11,8),(749,'1',3,11,4),(750,'1',6,11,8),(751,'0',6,11,5),(752,'1',6,11,1),(753,'1',6,10,8),(754,'1',6,12,8),(755,'1',6,2,1),(756,'0',6,9,8),(757,'0',5,7,1),(758,'1',4,8,7),(759,'1',5,10,6),(760,'0',5,4,6),(761,'1',3,7,2),(762,'0',6,6,8),(763,'0',4,11,5),(764,'0',6,4,8),(765,'1',6,10,6),(766,'0',4,12,2),(767,'0',5,10,8),(768,'0',4,10,4),(769,'1',6,13,8),(770,'0',4,7,7),(771,'0',6,8,8),(772,'0',4,12,6),(773,'0',3,13,3),(774,'1',6,7,8),(775,'1',5,13,6),(776,'0',5,7,7),(777,'1',6,10,6),(778,'1',5,10,5),(779,'0',4,10,7),(780,'0',6,12,6),(781,'1',6,3,3),(782,'0',4,12,2),(783,'0',4,9,2),(784,'0',6,8,8),(785,'1',4,13,5),(786,'1',5,12,7),(787,'1',4,7,7),(788,'0',4,12,7),(789,'1',3,8,5),(790,'0',6,11,7),(791,'0',4,8,8),(792,'0',5,12,5),(793,'0',6,9,7),(794,'0',6,7,5),(795,'0',5,7,8),(796,'0',5,10,7),(797,'0',5,10,3),(798,'0',3,13,3),(799,'0',5,7,6),(800,'0',4,9,6),(801,'0',4,1,5),(802,'1',5,9,5),(803,'0',5,8,8),(804,'0',4,8,1),(805,'1',4,4,6),(806,'1',4,3,4),(807,'0',6,5,8),(808,'0',5,7,7),(809,'1',6,8,8),(810,'1',6,13,7),(811,'0',6,12,8),(812,'1',4,13,3),(813,'0',3,7,1),(814,'0',3,13,3),(815,'1',3,9,7),(816,'0',4,8,5),(817,'0',4,8,3),(818,'0',4,9,2),(819,'0',5,5,6),(820,'0',4,10,3),(821,'0',6,6,7),(822,'0',4,11,3),(823,'1',4,9,5),(824,'0',5,8,7),(825,'0',4,13,3),(826,'1',6,8,8),(827,'1',5,8,4),(828,'0',4,11,5),(829,'0',5,13,8),(830,'1',6,6,8),(831,'1',4,11,7),(832,'0',6,9,6),(833,'1',4,11,6),(834,'0',6,7,8),(835,'0',3,9,3),(836,'0',5,2,5),(837,'1',5,10,6),(838,'0',3,9,3),(839,'0',5,7,7),(840,'0',5,11,8),(841,'0',5,8,5),(842,'0',6,7,8),(843,'1',5,8,5),(844,'0',4,3,5),(845,'1',4,12,6),(846,'1',4,7,5),(847,'0',6,10,6),(848,'0',6,11,7),(849,'0',5,11,4),(850,'1',5,8,8),(851,'0',5,10,5),(852,'1',6,11,7),(853,'0',6,12,5),(854,'0',5,9,8),(855,'0',6,10,8),(856,'0',6,7,7),(857,'0',3,10,3),(858,'0',6,11,5),(859,'0',4,13,4),(860,'0',4,11,5),(861,'0',6,11,8),(862,'0',6,4,7),(863,'0',4,13,2),(864,'1',4,4,8),(865,'1',6,8,8),(866,'1',6,6,8),(867,'1',6,11,4),(868,'0',3,10,1),(869,'0',4,8,3),(870,'0',3,10,1),(871,'1',4,7,6),(872,'1',4,1,2),(873,'0',6,4,8),(874,'0',6,8,8),(875,'0',5,11,5),(876,'1',4,11,6),(877,'0',5,9,1),(878,'0',3,11,4),(879,'0',6,7,8),(880,'0',5,11,7),(881,'1',6,9,7),(882,'0',6,12,8),(883,'1',4,10,5),(884,'0',4,7,1),(885,'0',4,13,5),(886,'1',4,9,8),(887,'1',4,8,4),(888,'1',6,5,7),(889,'0',6,9,6),(890,'1',6,10,8),(891,'0',5,10,5),(892,'0',4,5,6),(893,'1',5,11,7),(894,'1',2,8,8),(895,'1',6,6,5),(896,'0',4,11,2),(897,'0',5,13,5),(898,'1',6,13,6),(899,'0',6,7,7),(900,'0',4,11,3),(901,'0',5,13,5),(902,'0',5,8,5),(903,'1',6,12,6),(904,'1',6,3,8),(905,'0',5,2,3),(906,'1',4,12,5),(907,'0',3,11,1),(908,'0',4,10,2),(909,'0',4,7,1),(910,'0',5,10,7),(911,'0',6,11,6),(912,'0',5,8,8),(913,'1',6,10,8),(914,'0',3,13,2),(915,'1',5,13,7),(916,'1',6,10,8),(917,'0',6,9,2),(918,'1',6,8,8),(919,'0',5,10,8),(920,'0',5,12,3),(921,'0',5,13,4),(922,'0',5,10,7),(923,'1',6,9,8),(924,'0',6,9,4),(925,'0',6,11,8),(926,'0',3,11,6),(927,'1',5,5,7),(928,'0',5,10,2),(929,'1',6,12,6),(930,'0',4,9,6),(931,'0',3,9,2),(932,'1',5,7,1),(933,'1',6,13,3),(934,'0',5,10,4),(935,'1',4,8,7),(936,'0',4,13,4),(937,'0',3,10,3),(938,'0',3,9,2),(939,'0',5,11,2),(940,'0',5,8,8),(941,'0',4,8,5),(942,'1',4,10,4),(943,'0',5,10,5),(944,'1',4,10,7),(945,'0',2,7,5),(946,'0',4,13,5),(947,'1',4,11,6),(948,'0',5,8,4),(949,'0',4,4,4),(950,'1',5,13,6),(951,'0',5,10,6),(952,'0',6,9,8),(953,'0',5,7,5),(954,'0',6,9,8),(955,'0',5,4,4),(956,'1',5,9,8),(957,'1',4,8,7),(958,'0',4,12,6),(959,'1',6,12,8),(960,'0',4,7,5),(961,'0',6,10,8),(962,'0',6,8,8),(963,'0',4,10,3),(964,'0',5,7,7),(965,'0',4,9,4),(966,'1',4,12,4),(967,'0',4,9,7),(968,'1',4,13,4),(969,'0',4,10,5),(970,'0',4,9,1),(971,'1',5,8,2),(972,'0',3,12,2),(973,'0',4,7,3),(974,'0',5,3,7),(975,'0',5,7,4),(976,'0',6,11,5),(977,'1',4,10,2),(978,'1',6,12,7),(979,'1',6,11,7),(980,'0',5,7,5),(981,'0',4,11,1),(982,'1',5,2,8),(983,'0',4,9,1),(984,'0',6,11,8),(985,'0',5,9,4),(986,'1',2,9,3),(987,'0',4,12,1),(988,'0',3,11,2),(989,'0',4,5,7),(990,'0',6,10,3),(991,'0',4,10,4),(992,'0',4,13,5),(993,'0',4,12,2),(994,'1',5,8,7),(995,'0',3,10,1),(996,'0',6,2,8),(997,'0',5,10,8);
/*!40000 ALTER TABLE `Demographics` ENABLE KEYS */;
UNLOCK TABLES;

--
-- Table structure for table `Health_Behaviors`
--

DROP TABLE IF EXISTS `Health_Behaviors`;
/*!40101 SET @saved_cs_client     = @@character_set_client */;
/*!50503 SET character_set_client = utf8mb4 */;
CREATE TABLE `Health_Behaviors` (
  `Health_Behavior_id` int NOT NULL AUTO_INCREMENT,
  `Smoker` tinyint NOT NULL,
  `Physical_Activity_30_Days` tinyint NOT NULL,
  `Eating_Fruits_Daily` tinyint NOT NULL,
  `Eating_Veggies_Daily` tinyint NOT NULL,
  `Heavy_Alcohol_Use` tinyint NOT NULL,
  PRIMARY KEY (`Health_Behavior_id`)
) ENGINE=InnoDB AUTO_INCREMENT=998 DEFAULT CHARSET=utf8mb3;
/*!40101 SET character_set_client = @saved_cs_client */;

--
-- Dumping data for table `Health_Behaviors`
--

LOCK TABLES `Health_Behaviors` WRITE;
/*!40000 ALTER TABLE `Health_Behaviors` DISABLE KEYS */;
INSERT INTO `Health_Behaviors` VALUES (1,1,0,0,1,0),(2,1,1,0,0,0),(3,0,0,1,0,0),(4,0,1,1,1,0),(5,0,1,1,1,0),(6,1,1,1,1,0),(7,1,0,0,0,0),(8,1,1,0,1,0),(9,1,0,1,1,0),(10,0,0,0,1,0),(11,1,1,1,1,0),(12,1,0,1,1,0),(13,1,0,0,1,0),(14,0,0,0,1,0),(15,1,1,0,1,0),(16,0,1,0,0,0),(17,0,1,1,1,0),(18,1,1,0,0,0),(19,0,0,0,1,0),(20,0,0,0,0,1),(21,0,0,1,0,0),(22,1,0,1,1,0),(23,1,0,0,1,0),(24,0,1,1,1,0),(25,1,0,1,1,0),(26,0,1,1,1,0),(27,1,0,0,1,0),(28,1,0,0,1,0),(29,1,0,1,1,0),(30,1,1,1,1,0),(31,1,1,0,0,0),(32,1,1,1,1,0),(33,0,1,1,1,0),(34,0,1,0,0,0),(35,1,0,0,0,0),(36,0,1,1,1,0),(37,1,1,0,1,0),(38,0,1,1,1,0),(39,1,1,1,1,0),(40,1,0,1,1,0),(41,0,1,1,0,0),(42,0,0,1,0,0),(43,1,0,1,1,0),(44,1,1,0,1,0),(45,1,0,1,1,0),(46,1,1,1,1,0),(47,0,1,1,1,0),(48,1,0,1,1,0),(49,0,1,1,1,0),(50,1,0,0,1,0),(51,1,1,0,0,0),(52,1,1,1,1,0),(53,1,0,0,1,0),(54,0,1,0,1,0),(55,1,0,0,1,0),(56,0,1,0,1,0),(57,0,1,0,0,1),(58,1,1,1,1,0),(59,1,1,0,1,0),(60,1,1,0,1,0),(61,0,1,1,1,0),(62,1,0,0,0,0),(63,1,1,1,1,0),(64,0,1,0,0,0),(65,0,1,1,1,0),(66,1,0,1,1,0),(67,1,1,1,1,0),(68,0,0,1,0,0),(69,1,1,1,1,0),(70,1,0,1,0,0),(71,1,1,0,1,0),(72,0,1,0,0,0),(73,0,1,0,0,0),(74,1,0,0,1,0),(75,0,1,0,0,0),(76,1,1,0,0,0),(77,0,1,0,1,0),(78,0,1,0,1,0),(79,1,1,0,1,1),(80,0,1,0,1,0),(81,0,1,0,1,0),(82,0,0,0,1,0),(83,0,1,1,1,0),(84,0,1,0,0,0),(85,1,1,0,1,1),(86,0,0,0,1,0),(87,0,1,1,1,0),(88,0,0,1,0,0),(89,1,1,1,1,0),(90,1,1,0,1,0),(91,1,0,0,1,0),(92,0,1,0,0,0),(93,1,1,1,1,1),(94,1,1,0,0,0),(95,1,1,1,1,0),(96,1,0,1,1,0),(97,0,1,0,1,0),(98,0,1,1,1,0),(99,0,0,1,1,0),(100,0,1,1,1,0),(101,1,1,0,1,0),(102,1,1,1,1,0),(103,1,1,1,1,0),(104,0,1,1,1,0),(105,0,1,1,1,0),(106,0,1,1,1,0),(107,0,1,1,1,0),(108,1,1,0,1,0),(109,0,1,0,1,0),(110,0,1,0,1,0),(111,1,1,1,1,0),(112,0,0,1,1,0),(113,1,0,0,1,0),(114,0,1,1,1,0),(115,0,1,1,0,0),(116,1,1,1,1,0),(117,1,1,1,1,1),(118,1,0,1,1,0),(119,1,0,0,1,0),(120,0,1,0,0,0),(121,0,1,0,1,0),(122,0,0,1,1,0),(123,0,0,1,0,0),(124,0,1,0,1,0),(125,1,1,0,1,0),(126,1,1,0,1,0),(127,1,1,0,0,0),(128,1,0,0,0,0),(129,1,0,1,1,0),(130,1,0,1,1,0),(131,1,1,0,1,0),(132,1,1,0,1,0),(133,1,0,1,1,0),(134,1,0,0,0,0),(135,1,1,1,1,0),(136,0,0,1,1,0),(137,0,1,1,1,0),(138,1,1,0,1,0),(139,1,1,1,1,0),(140,1,0,0,1,0),(141,1,0,0,1,0),(142,1,0,0,1,0),(143,0,0,1,1,0),(144,0,0,0,0,0),(145,1,1,0,1,1),(146,1,0,1,1,0),(147,1,1,0,0,0),(148,0,1,1,1,0),(149,1,0,1,0,1),(150,1,1,1,1,0),(151,0,0,0,1,0),(152,1,0,0,1,0),(153,0,1,1,1,0),(154,0,1,0,1,0),(155,1,0,0,0,0),(156,0,1,1,0,0),(157,1,0,1,0,0),(158,1,1,1,1,0),(159,0,1,0,1,0),(160,1,0,1,1,0),(161,1,1,0,0,0),(162,1,1,1,1,0),(163,0,0,0,1,0),(164,0,0,0,0,0),(165,1,1,1,1,0),(166,0,0,1,0,0),(167,0,0,1,1,0),(168,1,1,0,1,0),(169,1,1,0,0,0),(170,1,1,0,0,0),(171,1,1,1,1,0),(172,0,0,1,1,0),(173,0,0,0,0,0),(174,1,1,0,1,0),(175,0,1,1,1,0),(176,1,0,0,1,0),(177,1,1,0,1,0),(178,0,1,1,1,0),(179,1,0,0,1,0),(180,1,1,1,1,0),(181,1,1,0,1,0),(182,0,1,1,0,0),(183,1,1,1,1,0),(184,1,1,1,0,0),(185,1,0,1,1,1),(186,0,1,1,1,0),(187,1,1,0,1,0),(188,1,0,1,1,0),(189,1,0,0,1,0),(190,1,0,0,0,0),(191,1,1,1,1,0),(192,1,0,1,1,0),(193,1,0,0,0,0),(194,0,0,0,1,0),(195,0,1,1,1,0),(196,1,0,1,1,0),(197,0,0,1,1,0),(198,1,0,1,1,0),(199,0,1,0,0,0),(200,0,0,1,0,0),(201,0,0,1,1,0),(202,0,0,1,1,0),(203,0,1,1,1,1),(204,1,0,1,1,0),(205,0,1,1,1,0),(206,1,1,1,1,0),(207,1,1,1,0,0),(208,0,1,1,0,0),(209,0,0,1,1,0),(210,0,1,1,0,0),(211,1,1,1,1,0),(212,0,0,1,1,0),(213,1,1,1,1,0),(214,1,1,0,1,0),(215,1,1,1,0,0),(216,1,1,1,1,0),(217,0,0,0,1,0),(218,1,0,0,1,0),(219,1,1,1,0,0),(220,0,1,1,0,0),(221,1,0,1,0,0),(222,1,1,0,1,0),(223,0,0,1,1,0),(224,0,1,1,1,0),(225,0,0,1,1,0),(226,0,1,1,1,0),(227,1,1,0,1,0),(228,0,1,1,1,0),(229,1,1,0,1,0),(230,1,1,1,1,0),(231,1,1,0,1,0),(232,0,1,0,1,0),(233,0,1,1,1,0),(234,1,0,0,1,0),(235,1,0,0,1,0),(236,1,0,0,0,0),(237,1,0,1,1,0),(238,1,1,1,1,0),(239,0,1,0,0,0),(240,0,1,1,1,1),(241,1,0,0,1,0),(242,0,1,0,0,0),(243,0,1,0,0,0),(244,1,0,0,0,0),(245,1,1,1,0,0),(246,0,1,0,1,0),(247,1,0,0,1,0),(248,0,0,1,1,0),(249,1,0,1,0,0),(250,1,0,1,0,0),(251,0,0,1,1,0),(252,0,0,1,1,0),(253,0,1,1,1,0),(254,0,1,0,1,0),(255,1,1,1,1,0),(256,1,1,0,1,0),(257,1,1,0,1,0),(258,0,1,0,1,0),(259,0,1,1,1,0),(260,0,1,1,1,0),(261,0,1,1,1,0),(262,0,1,1,1,0),(263,1,1,1,1,0),(264,1,0,0,0,0),(265,0,1,1,1,0),(266,1,0,1,1,0),(267,1,0,0,0,0),(268,0,0,0,1,0),(269,1,1,1,0,0),(270,0,0,1,1,0),(271,0,0,0,1,0),(272,0,1,0,1,0),(273,0,1,1,1,0),(274,0,1,0,1,0),(275,0,1,0,1,0),(276,1,1,0,1,0),(277,1,1,0,1,0),(278,0,0,0,1,0),(279,0,1,1,0,0),(280,0,0,1,0,0),(281,0,0,0,0,0),(282,0,0,1,1,0),(283,0,1,1,1,0),(284,1,1,1,1,0),(285,1,1,1,0,0),(286,1,0,1,1,0),(287,0,0,1,1,0),(288,0,0,1,1,0),(289,0,1,1,1,0),(290,1,0,0,1,0),(291,0,1,1,1,0),(292,0,1,1,0,0),(293,1,1,0,1,0),(294,1,1,1,1,1),(295,1,1,1,1,0),(296,0,1,1,0,0),(297,0,1,1,1,0),(298,0,1,0,1,0),(299,0,1,0,1,0),(300,0,1,0,1,0),(301,0,1,0,1,0),(302,0,0,1,1,0),(303,0,0,1,1,0),(304,0,1,1,1,0),(305,1,1,0,0,0),(306,1,0,0,1,0),(307,0,1,1,1,0),(308,0,0,0,1,0),(309,1,0,0,1,0),(310,1,1,1,0,0),(311,0,1,0,1,0),(312,1,1,1,1,0),(313,0,1,0,0,0),(314,0,1,1,1,0),(315,0,1,1,1,0),(316,1,0,0,0,0),(317,0,1,0,0,0),(318,1,0,1,1,0),(319,0,1,1,1,0),(320,1,0,1,1,0),(321,0,0,1,1,0),(322,0,0,1,0,0),(323,1,0,0,0,0),(324,1,1,1,1,0),(325,1,1,0,1,0),(326,0,0,1,1,0),(327,0,0,1,1,0),(328,0,0,1,1,0),(329,1,0,0,1,0),(330,0,1,1,1,0),(331,1,0,0,1,0),(332,1,0,0,0,0),(333,0,0,1,1,0),(334,1,0,0,1,0),(335,0,1,1,1,0),(336,1,1,1,1,0),(337,1,1,1,1,0),(338,1,1,1,1,0),(339,1,1,1,0,0),(340,1,0,0,1,0),(341,0,0,1,1,0),(342,0,0,1,1,0),(343,1,1,0,1,0),(344,1,0,1,1,0),(345,1,0,1,1,0),(346,1,1,1,0,0),(347,1,0,0,1,0),(348,0,1,0,1,0),(349,1,1,0,1,0),(350,0,1,1,1,0),(351,0,0,0,0,0),(352,0,0,1,1,0),(353,1,0,0,0,0),(354,1,1,0,1,0),(355,1,0,0,1,0),(356,0,0,0,0,0),(357,0,0,1,1,0),(358,1,0,1,0,0),(359,1,0,1,1,0),(360,0,0,0,1,0),(361,1,0,0,1,0),(362,1,0,0,1,0),(363,1,1,1,1,0),(364,0,1,1,1,0),(365,0,1,0,1,0),(366,1,1,1,1,0),(367,1,1,1,1,0),(368,0,0,0,1,0),(369,0,0,1,1,0),(370,1,1,1,1,0),(371,0,1,1,1,0),(372,0,0,1,1,0),(373,0,1,1,0,0),(374,0,0,0,0,0),(375,0,1,0,1,0),(376,0,1,0,1,0),(377,1,0,0,1,0),(378,0,1,1,1,0),(379,0,1,1,1,0),(380,0,0,0,1,0),(381,0,0,1,1,0),(382,1,1,1,1,0),(383,0,0,0,0,0),(384,1,1,1,0,1),(385,0,1,0,0,0),(386,0,1,1,1,0),(387,0,1,0,1,0),(388,1,1,1,1,0),(389,1,0,0,0,0),(390,0,1,1,1,0),(391,0,1,1,1,0),(392,0,1,0,1,0),(393,0,0,1,1,0),(394,1,1,1,1,0),(395,0,0,1,1,0),(396,0,1,1,1,0),(397,0,1,1,1,0),(398,0,1,1,1,0),(399,0,0,0,1,0),(400,0,0,0,0,0),(401,1,0,1,1,0),(402,0,0,1,1,0),(403,0,0,1,1,0),(404,0,0,1,1,0),(405,1,1,1,1,0),(406,0,1,0,0,0),(407,1,0,0,1,0),(408,0,1,1,0,0),(409,0,1,1,1,0),(410,0,0,1,1,0),(411,1,0,0,0,0),(412,1,1,1,1,0),(413,0,0,0,1,0),(414,1,0,0,0,1),(415,0,0,1,1,0),(416,0,1,1,1,0),(417,0,0,1,0,0),(418,0,0,0,0,0),(419,0,0,1,1,0),(420,1,0,0,0,0),(421,1,1,0,0,1),(422,0,0,0,1,0),(423,1,1,0,0,0),(424,1,0,1,1,0),(425,0,1,1,1,0),(426,1,1,1,1,0),(427,0,0,0,0,0),(428,0,1,1,0,0),(429,0,0,1,1,0),(430,1,1,1,1,0),(431,0,1,0,1,0),(432,0,1,1,1,0),(433,1,1,0,1,1),(434,1,1,1,1,0),(435,1,1,1,1,0),(436,1,0,1,1,0),(437,1,1,1,1,0),(438,0,1,1,0,0),(439,0,1,1,0,0),(440,0,1,1,1,0),(441,0,0,1,0,0),(442,0,1,0,1,0),(443,0,0,0,0,0),(444,0,1,1,1,0),(445,0,0,1,0,0),(446,1,1,1,1,0),(447,1,1,1,1,0),(448,0,0,0,1,0),(449,1,0,1,1,0),(450,1,1,1,1,0),(451,1,1,1,1,0),(452,1,1,1,1,0),(453,1,0,0,1,0),(454,0,1,1,1,0),(455,1,1,1,1,1),(456,0,0,1,1,0),(457,0,0,0,0,0),(458,0,1,1,1,0),(459,0,1,0,0,0),(460,0,1,1,0,0),(461,0,0,1,1,0),(462,0,0,0,1,0),(463,0,1,1,1,0),(464,1,1,0,1,0),(465,1,0,1,0,0),(466,0,0,0,0,0),(467,0,1,0,1,0),(468,1,1,1,1,0),(469,1,0,0,1,0),(470,1,0,0,0,0),(471,0,1,1,1,0),(472,1,1,1,1,0),(473,1,1,0,1,0),(474,0,1,0,1,0),(475,0,0,1,1,0),(476,0,1,1,1,0),(477,0,1,0,0,0),(478,1,1,1,0,0),(479,1,0,0,0,0),(480,0,1,0,1,0),(481,0,1,0,0,0),(482,0,0,0,0,0),(483,1,0,1,1,0),(484,1,0,0,1,0),(485,0,0,1,1,0),(486,1,1,1,1,0),(487,0,1,1,1,0),(488,1,0,0,1,0),(489,1,1,1,1,0),(490,1,0,0,0,0),(491,0,0,1,0,0),(492,0,1,0,1,0),(493,1,1,1,1,0),(494,1,1,1,1,0),(495,0,1,0,1,1),(496,1,0,0,1,0),(497,1,1,1,1,0),(498,1,0,1,1,0),(499,0,0,0,1,0),(500,0,1,1,1,0),(501,0,0,1,1,0),(502,0,1,0,1,0),(503,1,0,1,1,1),(504,0,0,1,1,0),(505,1,1,0,1,0),(506,0,1,0,0,0),(507,1,1,1,1,0),(508,0,1,0,1,0),(509,1,0,1,1,0),(510,1,1,0,0,0),(511,0,0,0,0,0),(512,0,1,1,1,0),(513,0,1,0,1,1),(514,1,0,1,1,1),(515,0,0,1,1,0),(516,0,1,0,1,0),(517,0,1,0,1,0),(518,1,1,1,1,0),(519,1,0,1,0,0),(520,1,1,1,1,0),(521,1,1,0,1,0),(522,1,0,1,1,0),(523,1,0,0,0,0),(524,1,1,0,1,0),(525,0,1,1,1,0),(526,0,1,0,0,0),(527,0,1,1,1,0),(528,1,1,0,0,0),(529,1,1,1,1,0),(530,0,1,1,1,0),(531,0,1,1,1,0),(532,0,1,0,0,0),(533,0,0,1,0,0),(534,0,1,1,1,0),(535,1,1,0,0,0),(536,0,1,1,1,0),(537,0,1,1,1,0),(538,0,1,1,1,0),(539,1,1,0,1,0),(540,1,0,1,0,0),(541,1,0,1,1,0),(542,1,1,1,1,0),(543,0,1,0,1,0),(544,1,1,1,1,0),(545,0,0,0,1,0),(546,0,1,1,1,0),(547,0,0,0,1,0),(548,0,1,1,1,0),(549,1,1,1,1,0),(550,0,0,1,0,0),(551,1,1,1,1,0),(552,0,1,1,1,0),(553,1,1,1,1,0),(554,1,1,1,0,0),(555,0,1,1,1,0),(556,1,1,1,1,0),(557,0,1,1,0,0),(558,0,0,0,1,0),(559,0,1,1,1,0),(560,0,0,0,0,0),(561,1,1,0,0,0),(562,0,1,1,1,0),(563,0,1,1,0,0),(564,1,0,0,0,0),(565,0,1,1,1,0),(566,0,0,0,1,0),(567,0,1,0,1,0),(568,1,0,1,1,0),(569,0,0,1,1,0),(570,0,1,1,1,0),(571,1,1,0,0,0),(572,0,1,1,1,0),(573,1,1,0,1,0),(574,0,1,1,1,0),(575,0,1,0,1,0),(576,0,1,0,1,0),(577,1,1,1,1,0),(578,1,1,1,1,0),(579,1,1,1,1,0),(580,0,1,1,1,0),(581,0,1,0,0,0),(582,0,0,0,0,0),(583,1,0,0,0,0),(584,1,1,1,1,0),(585,1,1,0,1,0),(586,1,0,0,1,0),(587,1,1,0,1,0),(588,0,1,1,1,0),(589,1,0,1,1,0),(590,0,1,1,1,0),(591,1,0,0,0,0),(592,0,1,0,1,0),(593,1,1,1,1,0),(594,1,1,0,1,0),(595,0,0,0,1,0),(596,1,0,0,1,0),(597,0,1,1,1,0),(598,0,1,1,0,0),(599,1,0,1,1,0),(600,0,0,1,1,0),(601,1,1,1,0,0),(602,0,1,1,1,0),(603,1,0,0,1,1),(604,1,1,1,1,0),(605,1,1,0,1,0),(606,0,0,1,0,0),(607,0,0,1,1,0),(608,0,1,1,1,0),(609,0,1,1,1,0),(610,0,1,1,1,0),(611,1,1,0,0,0),(612,0,1,1,1,0),(613,0,1,1,1,0),(614,0,1,1,1,0),(615,0,1,1,1,0),(616,0,1,1,1,0),(617,0,1,1,1,0),(618,0,1,0,1,0),(619,1,0,0,0,0),(620,0,1,0,1,0),(621,0,1,0,1,0),(622,0,1,1,0,0),(623,0,0,1,0,0),(624,0,0,0,0,0),(625,0,1,1,0,0),(626,0,1,1,1,0),(627,0,1,0,1,0),(628,1,0,0,0,1),(629,0,0,0,1,0),(630,1,1,1,1,0),(631,1,1,1,1,0),(632,0,0,0,1,0),(633,0,0,1,0,0),(634,1,1,1,1,0),(635,0,1,1,1,0),(636,0,1,1,0,0),(637,0,1,1,1,0),(638,1,0,0,0,0),(639,1,1,1,1,0),(640,0,1,1,1,0),(641,0,1,0,1,0),(642,0,1,1,0,0),(643,0,0,1,1,0),(644,0,1,0,0,0),(645,0,0,1,1,0),(646,0,1,1,1,0),(647,0,0,0,1,0),(648,0,1,0,1,0),(649,0,1,1,1,0),(650,1,1,1,1,0),(651,1,0,0,1,1),(652,0,1,1,1,0),(653,1,0,0,1,0),(654,0,0,0,1,0),(655,0,0,1,1,0),(656,1,0,1,1,0),(657,1,0,0,0,0),(658,0,0,1,0,0),(659,1,1,1,1,0),(660,0,0,0,1,0),(661,1,1,0,0,0),(662,1,1,1,1,0),(663,1,1,1,1,0),(664,0,1,1,1,0),(665,0,1,0,1,0),(666,1,1,0,0,0),(667,0,1,0,0,0),(668,0,0,1,1,0),(669,0,1,1,1,0),(670,1,1,1,1,0),(671,0,1,1,0,0),(672,1,0,1,1,0),(673,1,0,0,1,0),(674,0,1,1,1,0),(675,1,1,0,0,0),(676,0,0,0,0,0),(677,1,1,1,1,0),(678,0,1,1,1,0),(679,0,1,1,1,0),(680,0,0,1,1,0),(681,0,0,1,0,0),(682,1,0,1,1,0),(683,0,1,0,0,0),(684,1,1,1,1,0),(685,1,1,0,1,0),(686,1,1,0,1,0),(687,0,1,1,1,0),(688,1,1,0,1,0),(689,1,1,1,1,1),(690,0,1,1,1,0),(691,0,1,1,0,0),(692,0,1,1,1,0),(693,0,0,0,1,0),(694,1,0,1,1,0),(695,1,0,0,1,0),(696,1,0,1,1,0),(697,0,0,1,1,0),(698,0,1,0,1,0),(699,1,0,1,0,0),(700,1,0,0,1,0),(701,1,1,1,1,0),(702,1,1,1,1,0),(703,0,0,0,1,0),(704,0,1,1,1,0),(705,0,1,1,1,0),(706,0,1,1,1,0),(707,1,1,0,1,0),(708,0,0,1,1,0),(709,0,0,1,1,0),(710,1,1,0,1,0),(711,1,1,0,1,0),(712,0,1,1,0,0),(713,1,1,0,1,0),(714,0,1,1,1,0),(715,0,1,1,1,0),(716,1,1,0,1,0),(717,0,1,0,0,0),(718,1,1,1,1,0),(719,0,1,0,0,0),(720,0,0,1,1,0),(721,1,1,0,0,0),(722,0,0,1,1,0),(723,0,1,1,1,0),(724,0,1,0,0,0),(725,1,1,1,0,0),(726,0,1,0,0,0),(727,1,1,1,1,0),(728,1,1,0,1,0),(729,0,1,1,1,0),(730,1,1,1,1,0),(731,0,1,0,1,0),(732,0,1,1,1,0),(733,1,1,0,0,0),(734,1,0,1,1,0),(735,0,1,0,0,0),(736,1,1,0,1,0),(737,0,0,0,1,0),(738,0,1,1,1,0),(739,1,1,0,1,0),(740,0,0,1,0,0),(741,0,0,1,0,0),(742,0,1,1,1,0),(743,0,1,1,1,0),(744,1,0,0,1,0),(745,0,1,1,0,0),(746,1,1,0,1,0),(747,1,1,1,1,1),(748,0,1,1,1,0),(749,1,1,0,1,0),(750,0,0,1,1,0),(751,1,1,1,1,0),(752,0,1,1,1,0),(753,1,0,1,1,0),(754,0,0,1,1,0),(755,0,1,1,1,0),(756,1,1,1,1,0),(757,0,1,0,1,0),(758,1,1,1,1,0),(759,1,1,0,1,0),(760,0,1,0,1,0),(761,0,1,1,0,0),(762,0,1,0,1,0),(763,1,1,0,1,0),(764,1,1,1,1,0),(765,0,0,1,1,0),(766,0,1,0,1,0),(767,0,1,0,0,0),(768,0,1,1,1,0),(769,0,1,1,1,0),(770,0,1,1,1,0),(771,0,1,1,1,0),(772,1,1,0,1,0),(773,0,1,1,0,0),(774,0,1,1,1,0),(775,0,0,1,1,0),(776,1,1,1,1,0),(777,1,1,0,1,0),(778,1,0,1,1,0),(779,0,1,0,1,0),(780,0,1,1,1,0),(781,0,0,1,1,0),(782,0,1,1,1,0),(783,0,0,0,0,0),(784,0,1,0,1,0),(785,0,0,0,1,0),(786,1,1,1,1,0),(787,0,1,1,1,0),(788,0,1,1,1,0),(789,1,0,0,0,0),(790,0,0,1,1,0),(791,0,0,0,1,0),(792,1,1,0,0,0),(793,0,0,1,1,0),(794,0,1,0,1,0),(795,0,1,0,1,0),(796,1,1,0,1,0),(797,1,0,1,1,0),(798,0,1,0,1,0),(799,0,1,1,1,0),(800,0,1,0,1,0),(801,0,1,0,0,0),(802,1,1,0,1,0),(803,0,1,1,1,0),(804,0,1,0,0,0),(805,0,0,0,0,0),(806,1,1,1,1,0),(807,0,0,0,1,0),(808,0,1,0,0,0),(809,0,1,0,0,0),(810,1,1,1,1,0),(811,0,1,1,1,0),(812,1,0,1,1,0),(813,0,1,0,0,0),(814,0,0,1,0,0),(815,1,1,0,1,0),(816,0,1,1,1,0),(817,0,0,1,1,0),(818,0,0,1,0,0),(819,0,1,0,1,0),(820,0,1,1,1,0),(821,0,1,0,1,0),(822,0,1,0,1,0),(823,0,1,0,0,0),(824,0,1,1,1,0),(825,0,1,1,0,0),(826,1,1,1,0,0),(827,0,0,0,1,0),(828,0,1,0,0,0),(829,0,1,0,0,0),(830,0,1,0,0,0),(831,0,1,0,1,0),(832,1,0,0,1,0),(833,1,0,0,0,0),(834,0,1,1,1,1),(835,1,1,1,1,0),(836,0,1,1,1,0),(837,1,1,1,1,0),(838,0,1,1,0,0),(839,1,0,1,1,0),(840,0,1,1,0,0),(841,0,1,0,1,0),(842,1,0,0,1,0),(843,1,0,0,1,0),(844,1,1,1,1,0),(845,1,0,0,1,0),(846,0,1,0,1,0),(847,0,1,0,0,0),(848,1,1,0,1,0),(849,1,0,1,0,0),(850,0,0,1,0,0),(851,0,1,0,1,0),(852,1,0,1,1,0),(853,0,0,1,1,0),(854,0,1,0,1,0),(855,0,1,1,1,0),(856,1,0,0,1,1),(857,1,1,1,1,0),(858,1,0,1,1,0),(859,0,1,1,1,0),(860,0,1,1,1,0),(861,0,1,1,1,0),(862,0,1,1,1,0),(863,0,1,1,1,0),(864,1,1,0,0,0),(865,1,1,1,1,0),(866,1,1,0,1,0),(867,0,1,0,1,0),(868,1,0,0,0,0),(869,0,0,1,1,0),(870,0,1,1,1,0),(871,1,0,0,0,0),(872,0,1,1,1,0),(873,0,0,1,0,0),(874,1,1,1,1,0),(875,0,1,1,1,0),(876,0,1,1,1,0),(877,1,1,1,1,0),(878,1,1,1,0,0),(879,0,0,0,1,0),(880,0,0,1,1,0),(881,1,1,1,1,0),(882,1,1,1,1,1),(883,1,0,0,0,0),(884,0,0,1,0,0),(885,0,0,1,1,0),(886,0,0,0,0,0),(887,1,0,1,1,0),(888,0,1,0,1,0),(889,0,1,1,1,0),(890,0,0,0,1,0),(891,0,1,1,1,0),(892,0,1,0,1,0),(893,1,1,1,1,0),(894,1,0,0,0,0),(895,0,1,1,1,0),(896,0,1,0,0,0),(897,1,1,0,0,0),(898,1,0,1,0,0),(899,0,1,0,1,0),(900,1,0,0,1,0),(901,1,1,1,1,0),(902,0,1,1,1,0),(903,1,1,1,1,0),(904,0,1,0,0,0),(905,1,1,0,0,0),(906,1,0,1,1,0),(907,1,0,1,1,0),(908,0,1,1,1,0),(909,1,0,0,0,0),(910,0,1,0,1,0),(911,1,1,0,1,0),(912,1,1,1,1,0),(913,0,1,0,1,0),(914,0,1,1,0,0),(915,1,1,1,1,0),(916,0,1,1,1,0),(917,0,1,1,1,0),(918,1,1,1,1,0),(919,1,1,1,1,0),(920,0,1,1,1,0),(921,0,0,1,1,0),(922,0,1,1,1,0),(923,0,1,1,1,0),(924,0,1,1,1,0),(925,1,1,0,1,0),(926,1,0,0,1,0),(927,0,1,1,1,0),(928,0,0,1,0,0),(929,0,0,1,1,0),(930,0,1,1,0,0),(931,0,1,0,0,0),(932,1,0,0,1,0),(933,1,1,1,1,0),(934,0,1,0,1,0),(935,0,1,1,1,0),(936,0,1,1,0,0),(937,0,0,0,1,0),(938,0,1,1,1,0),(939,1,0,0,0,0),(940,1,0,0,1,0),(941,0,1,1,1,0),(942,1,1,1,1,0),(943,1,1,0,0,0),(944,0,0,0,0,0),(945,1,1,0,1,0),(946,0,0,1,1,0),(947,1,0,1,1,0),(948,0,1,0,1,0),(949,1,1,1,1,0),(950,1,0,1,1,0),(951,0,0,1,1,0),(952,0,0,0,1,0),(953,1,1,0,1,0),(954,0,1,1,1,0),(955,0,1,0,1,0),(956,1,1,0,1,0),(957,1,0,0,1,0),(958,0,1,0,1,0),(959,0,1,1,1,0),(960,1,0,0,1,0),(961,0,1,1,1,0),(962,0,1,0,0,0),(963,1,1,1,1,0),(964,1,1,1,1,0),(965,0,1,1,0,0),(966,1,1,0,0,0),(967,0,1,1,1,0),(968,1,1,1,1,1),(969,0,1,0,1,0),(970,0,0,1,0,0),(971,0,0,0,1,0),(972,0,0,1,0,0),(973,0,1,1,0,0),(974,1,1,1,1,0),(975,0,1,0,0,0),(976,1,1,1,1,0),(977,0,1,1,1,0),(978,0,1,1,0,0),(979,1,1,1,0,0),(980,0,1,0,1,0),(981,0,1,1,1,0),(982,1,1,0,0,0),(983,1,1,0,0,0),(984,1,1,0,1,1),(985,0,1,1,1,0),(986,1,0,1,0,0),(987,0,0,0,0,0),(988,0,0,1,1,0),(989,1,1,1,1,0),(990,0,0,1,1,0),(991,0,1,0,0,0),(992,0,1,1,1,0),(993,0,0,1,1,0),(994,0,1,0,1,0),(995,0,1,1,1,0),(996,0,0,1,0,0),(997,0,1,0,1,0);
/*!40000 ALTER TABLE `Health_Behaviors` ENABLE KEYS */;
UNLOCK TABLES;

--
-- Table structure for table `Healthcare_Access`
--

DROP TABLE IF EXISTS `Healthcare_Access`;
/*!40101 SET @saved_cs_client     = @@character_set_client */;
/*!50503 SET character_set_client = utf8mb4 */;
CREATE TABLE `Healthcare_Access` (
  `Healthcare_Access_id` int NOT NULL AUTO_INCREMENT,
  `Any_Healthcare_Coverage` tinyint NOT NULL,
  `No_Doctor_Because_Cost` tinyint NOT NULL,
  PRIMARY KEY (`Healthcare_Access_id`)
) ENGINE=InnoDB AUTO_INCREMENT=998 DEFAULT CHARSET=utf8mb3;
/*!40101 SET character_set_client = @saved_cs_client */;

--
-- Dumping data for table `Healthcare_Access`
--

LOCK TABLES `Healthcare_Access` WRITE;
/*!40000 ALTER TABLE `Healthcare_Access` DISABLE KEYS */;
INSERT INTO `Healthcare_Access` VALUES (1,1,0),(2,0,1),(3,1,1),(4,1,0),(5,1,0),(6,1,0),(7,1,0),(8,1,0),(9,1,0),(10,1,0),(11,1,0),(12,1,0),(13,1,0),(14,1,0),(15,1,1),(16,1,0),(17,1,0),(18,1,0),(19,1,0),(20,1,0),(21,1,0),(22,1,0),(23,1,0),(24,1,0),(25,1,0),(26,1,0),(27,1,0),(28,1,0),(29,1,0),(30,1,0),(31,1,0),(32,0,0),(33,1,0),(34,1,0),(35,1,0),(36,1,0),(37,1,0),(38,1,0),(39,0,0),(40,1,0),(41,1,0),(42,1,0),(43,1,1),(44,1,0),(45,1,0),(46,0,0),(47,0,0),(48,1,0),(49,1,0),(50,1,0),(51,1,0),(52,1,0),(53,1,0),(54,1,0),(55,1,0),(56,1,0),(57,1,0),(58,1,0),(59,1,0),(60,1,0),(61,1,0),(62,1,0),(63,1,1),(64,1,0),(65,1,1),(66,1,0),(67,1,0),(68,1,0),(69,1,0),(70,1,1),(71,1,0),(72,1,0),(73,1,0),(74,1,0),(75,1,0),(76,1,0),(77,1,0),(78,1,0),(79,1,0),(80,1,0),(81,1,0),(82,1,0),(83,1,0),(84,1,0),(85,1,0),(86,1,0),(87,1,0),(88,1,0),(89,1,0),(90,1,0),(91,1,0),(92,1,0),(93,1,0),(94,1,1),(95,1,0),(96,1,0),(97,0,1),(98,1,0),(99,1,0),(100,1,0),(101,1,0),(102,1,0),(103,1,0),(104,1,0),(105,1,0),(106,1,0),(107,1,0),(108,1,0),(109,1,0),(110,1,0),(111,1,1),(112,1,0),(113,1,0),(114,1,0),(115,1,0),(116,1,1),(117,1,0),(118,1,0),(119,1,0),(120,1,0),(121,1,0),(122,1,0),(123,1,0),(124,1,0),(125,1,0),(126,1,0),(127,1,0),(128,1,0),(129,1,0),(130,1,0),(131,1,0),(132,1,0),(133,1,1),(134,1,0),(135,1,0),(136,1,0),(137,1,0),(138,1,0),(139,1,0),(140,1,1),(141,0,1),(142,0,1),(143,1,0),(144,1,0),(145,1,0),(146,1,0),(147,0,0),(148,1,0),(149,1,0),(150,1,0),(151,0,0),(152,1,0),(153,1,0),(154,1,1),(155,1,0),(156,1,0),(157,1,0),(158,1,0),(159,1,0),(160,1,0),(161,1,0),(162,1,0),(163,1,0),(164,1,0),(165,1,0),(166,1,0),(167,1,0),(168,1,0),(169,1,0),(170,1,1),(171,1,0),(172,1,0),(173,1,0),(174,1,0),(175,1,0),(176,0,1),(177,1,0),(178,1,0),(179,1,0),(180,1,0),(181,1,0),(182,1,0),(183,1,0),(184,1,0),(185,1,0),(186,1,0),(187,1,0),(188,1,0),(189,1,0),(190,1,0),(191,1,0),(192,1,0),(193,1,0),(194,1,0),(195,1,0),(196,1,0),(197,1,0),(198,1,0),(199,1,0),(200,1,0),(201,1,0),(202,1,0),(203,1,0),(204,1,0),(205,1,0),(206,1,0),(207,1,0),(208,1,0),(209,1,0),(210,1,0),(211,1,0),(212,1,1),(213,1,1),(214,0,1),(215,1,0),(216,1,0),(217,0,0),(218,1,0),(219,1,0),(220,1,0),(221,1,0),(222,1,0),(223,1,0),(224,1,0),(225,1,0),(226,1,0),(227,1,1),(228,1,0),(229,1,0),(230,1,0),(231,1,1),(232,1,0),(233,1,0),(234,1,0),(235,1,0),(236,1,0),(237,1,0),(238,1,0),(239,1,0),(240,1,0),(241,1,0),(242,1,0),(243,1,0),(244,1,0),(245,1,0),(246,1,0),(247,1,0),(248,1,0),(249,1,0),(250,1,0),(251,1,0),(252,1,0),(253,1,0),(254,1,0),(255,1,0),(256,1,0),(257,1,0),(258,1,0),(259,1,0),(260,1,0),(261,1,0),(262,1,0),(263,1,0),(264,1,1),(265,1,0),(266,1,0),(267,1,0),(268,1,0),(269,1,1),(270,1,0),(271,1,0),(272,1,1),(273,1,0),(274,1,0),(275,1,0),(276,1,0),(277,1,0),(278,1,1),(279,1,0),(280,1,0),(281,1,0),(282,1,0),(283,1,0),(284,1,0),(285,0,0),(286,1,0),(287,1,0),(288,1,0),(289,1,0),(290,1,0),(291,1,0),(292,1,0),(293,1,0),(294,1,0),(295,1,1),(296,1,0),(297,1,0),(298,1,0),(299,1,0),(300,1,0),(301,1,0),(302,1,0),(303,1,0),(304,1,0),(305,1,0),(306,1,0),(307,1,0),(308,1,1),(309,1,0),(310,1,0),(311,1,1),(312,1,0),(313,1,0),(314,1,0),(315,1,0),(316,1,0),(317,1,0),(318,1,0),(319,1,1),(320,1,0),(321,1,0),(322,1,0),(323,1,0),(324,1,1),(325,1,0),(326,1,0),(327,1,0),(328,1,0),(329,1,0),(330,1,0),(331,1,0),(332,1,0),(333,1,0),(334,1,0),(335,1,0),(336,1,0),(337,1,0),(338,1,0),(339,1,0),(340,1,0),(341,1,0),(342,1,0),(343,1,0),(344,1,0),(345,1,1),(346,1,0),(347,1,0),(348,1,0),(349,1,0),(350,1,1),(351,1,0),(352,1,0),(353,1,1),(354,1,0),(355,1,0),(356,1,0),(357,1,0),(358,1,0),(359,1,0),(360,1,1),(361,0,1),(362,1,0),(363,1,1),(364,1,1),(365,1,0),(366,1,0),(367,1,0),(368,1,0),(369,1,0),(370,1,1),(371,1,0),(372,0,0),(373,1,0),(374,1,0),(375,1,0),(376,1,0),(377,1,0),(378,1,0),(379,1,0),(380,1,1),(381,1,0),(382,1,0),(383,1,0),(384,1,0),(385,1,0),(386,1,0),(387,0,0),(388,1,0),(389,1,0),(390,1,0),(391,1,0),(392,1,0),(393,1,1),(394,1,0),(395,0,0),(396,1,0),(397,1,0),(398,1,0),(399,1,0),(400,1,0),(401,1,0),(402,1,0),(403,1,0),(404,1,0),(405,1,0),(406,1,0),(407,0,0),(408,1,0),(409,1,0),(410,1,1),(411,1,0),(412,1,0),(413,0,1),(414,1,0),(415,1,0),(416,1,0),(417,1,0),(418,0,1),(419,1,1),(420,0,1),(421,1,0),(422,1,1),(423,1,0),(424,1,0),(425,1,0),(426,1,0),(427,1,0),(428,1,0),(429,1,0),(430,1,1),(431,1,0),(432,1,0),(433,1,0),(434,1,0),(435,1,1),(436,1,0),(437,1,0),(438,0,0),(439,1,0),(440,1,0),(441,1,1),(442,1,0),(443,0,0),(444,1,0),(445,1,0),(446,1,0),(447,1,0),(448,1,0),(449,1,0),(450,1,0),(451,1,0),(452,1,1),(453,0,1),(454,1,0),(455,1,0),(456,1,0),(457,1,0),(458,1,0),(459,1,0),(460,1,0),(461,1,0),(462,1,0),(463,1,0),(464,1,0),(465,1,1),(466,1,0),(467,1,0),(468,1,0),(469,1,1),(470,1,0),(471,0,1),(472,1,1),(473,1,0),(474,1,0),(475,1,1),(476,1,0),(477,1,0),(478,1,0),(479,1,1),(480,1,0),(481,0,0),(482,1,0),(483,1,0),(484,1,0),(485,1,1),(486,1,0),(487,1,0),(488,1,0),(489,1,0),(490,1,0),(491,1,0),(492,1,0),(493,1,0),(494,1,0),(495,1,0),(496,1,0),(497,1,0),(498,1,0),(499,1,0),(500,1,0),(501,1,0),(502,1,1),(503,1,0),(504,1,0),(505,1,0),(506,1,1),(507,1,0),(508,0,1),(509,1,0),(510,1,0),(511,1,0),(512,1,0),(513,1,0),(514,1,0),(515,1,0),(516,1,0),(517,1,0),(518,1,0),(519,1,0),(520,1,0),(521,1,0),(522,1,0),(523,1,0),(524,1,1),(525,1,0),(526,1,0),(527,1,0),(528,1,0),(529,1,0),(530,0,0),(531,1,0),(532,1,0),(533,1,0),(534,1,0),(535,1,0),(536,1,0),(537,0,0),(538,1,0),(539,1,0),(540,1,0),(541,1,0),(542,1,0),(543,1,0),(544,1,0),(545,1,0),(546,1,0),(547,1,0),(548,1,0),(549,1,1),(550,1,0),(551,1,0),(552,1,0),(553,1,0),(554,1,0),(555,1,0),(556,1,0),(557,1,1),(558,1,0),(559,1,0),(560,1,1),(561,1,0),(562,1,0),(563,1,0),(564,1,0),(565,1,0),(566,1,0),(567,1,0),(568,1,0),(569,1,0),(570,1,0),(571,1,0),(572,1,0),(573,1,0),(574,1,0),(575,1,0),(576,1,0),(577,1,0),(578,1,0),(579,1,0),(580,1,0),(581,1,0),(582,1,0),(583,1,0),(584,1,0),(585,1,0),(586,1,0),(587,1,0),(588,1,0),(589,1,0),(590,1,0),(591,1,0),(592,1,1),(593,1,0),(594,1,0),(595,1,0),(596,1,0),(597,1,0),(598,1,1),(599,1,0),(600,1,0),(601,1,0),(602,1,0),(603,1,0),(604,1,1),(605,1,0),(606,1,0),(607,1,0),(608,1,0),(609,1,0),(610,1,0),(611,1,0),(612,1,0),(613,1,0),(614,1,1),(615,1,0),(616,1,0),(617,1,0),(618,1,0),(619,1,0),(620,1,0),(621,1,0),(622,1,1),(623,1,0),(624,1,0),(625,1,0),(626,1,0),(627,1,0),(628,1,0),(629,1,0),(630,1,0),(631,1,0),(632,1,0),(633,1,0),(634,1,0),(635,1,1),(636,1,0),(637,1,0),(638,1,0),(639,1,0),(640,1,0),(641,1,0),(642,1,0),(643,1,0),(644,1,0),(645,0,0),(646,1,0),(647,1,0),(648,1,0),(649,1,0),(650,1,0),(651,1,0),(652,1,0),(653,1,0),(654,1,0),(655,1,1),(656,1,0),(657,1,0),(658,1,0),(659,1,0),(660,1,0),(661,1,0),(662,1,0),(663,1,0),(664,1,0),(665,1,0),(666,1,0),(667,1,0),(668,1,0),(669,1,0),(670,1,0),(671,0,1),(672,1,1),(673,1,0),(674,1,0),(675,1,0),(676,1,0),(677,1,0),(678,1,0),(679,1,0),(680,1,0),(681,1,0),(682,1,0),(683,1,0),(684,1,0),(685,1,0),(686,1,0),(687,1,1),(688,1,0),(689,1,1),(690,1,0),(691,1,0),(692,1,0),(693,1,0),(694,1,1),(695,1,0),(696,1,0),(697,1,0),(698,1,0),(699,0,0),(700,1,0),(701,0,1),(702,1,0),(703,1,0),(704,1,0),(705,1,0),(706,1,0),(707,1,1),(708,1,0),(709,1,0),(710,1,0),(711,1,0),(712,1,0),(713,1,0),(714,1,0),(715,1,0),(716,1,0),(717,1,0),(718,1,0),(719,1,0),(720,1,0),(721,1,0),(722,1,0),(723,1,0),(724,0,0),(725,1,0),(726,1,0),(727,1,0),(728,1,0),(729,1,0),(730,1,0),(731,1,0),(732,1,0),(733,1,0),(734,1,0),(735,1,0),(736,1,0),(737,1,0),(738,1,0),(739,1,0),(740,1,0),(741,1,0),(742,1,0),(743,1,0),(744,1,1),(745,1,0),(746,1,0),(747,1,0),(748,1,0),(749,1,0),(750,1,0),(751,1,0),(752,1,0),(753,1,0),(754,1,0),(755,1,0),(756,1,0),(757,1,0),(758,1,0),(759,1,0),(760,1,0),(761,1,1),(762,1,0),(763,1,0),(764,1,0),(765,1,0),(766,1,0),(767,1,0),(768,1,0),(769,1,0),(770,1,0),(771,1,0),(772,1,0),(773,1,1),(774,1,0),(775,1,0),(776,1,0),(777,1,0),(778,1,0),(779,1,0),(780,1,0),(781,1,0),(782,1,0),(783,1,1),(784,1,0),(785,1,0),(786,1,0),(787,0,0),(788,1,0),(789,1,0),(790,1,0),(791,1,0),(792,1,0),(793,1,1),(794,1,0),(795,1,0),(796,1,0),(797,1,0),(798,1,0),(799,1,0),(800,1,0),(801,1,0),(802,1,0),(803,1,0),(804,0,1),(805,1,0),(806,0,1),(807,1,0),(808,1,0),(809,1,0),(810,1,0),(811,1,0),(812,1,0),(813,1,0),(814,1,0),(815,1,0),(816,1,1),(817,1,0),(818,1,1),(819,1,0),(820,1,0),(821,1,0),(822,1,0),(823,1,0),(824,1,0),(825,1,0),(826,1,0),(827,1,0),(828,1,0),(829,1,0),(830,1,0),(831,1,0),(832,1,0),(833,1,0),(834,1,0),(835,1,0),(836,1,0),(837,1,0),(838,0,0),(839,1,0),(840,1,0),(841,1,0),(842,1,0),(843,1,0),(844,1,0),(845,1,0),(846,0,1),(847,1,0),(848,1,0),(849,1,0),(850,1,0),(851,1,1),(852,1,0),(853,1,0),(854,1,0),(855,1,0),(856,1,1),(857,1,0),(858,1,0),(859,1,0),(860,1,0),(861,1,0),(862,1,0),(863,1,0),(864,1,0),(865,1,0),(866,1,0),(867,1,0),(868,1,0),(869,0,1),(870,1,0),(871,1,0),(872,1,0),(873,1,0),(874,1,0),(875,1,0),(876,1,0),(877,1,1),(878,1,0),(879,1,0),(880,1,0),(881,1,0),(882,1,0),(883,1,0),(884,1,0),(885,1,0),(886,1,1),(887,1,0),(888,1,0),(889,1,0),(890,1,0),(891,1,0),(892,1,0),(893,1,0),(894,1,0),(895,1,0),(896,1,0),(897,1,0),(898,1,1),(899,1,0),(900,1,0),(901,1,0),(902,1,0),(903,1,0),(904,1,0),(905,1,1),(906,1,0),(907,1,0),(908,1,0),(909,1,0),(910,1,0),(911,1,0),(912,1,0),(913,1,0),(914,1,0),(915,1,0),(916,1,0),(917,1,0),(918,1,0),(919,1,0),(920,1,0),(921,1,0),(922,1,0),(923,1,0),(924,1,0),(925,1,0),(926,1,0),(927,1,0),(928,1,0),(929,1,0),(930,1,0),(931,0,1),(932,1,0),(933,1,0),(934,1,0),(935,1,0),(936,1,0),(937,1,0),(938,1,0),(939,1,1),(940,1,0),(941,1,0),(942,1,0),(943,1,0),(944,1,0),(945,1,0),(946,1,0),(947,1,0),(948,1,0),(949,1,0),(950,1,0),(951,1,0),(952,1,0),(953,1,0),(954,1,0),(955,1,0),(956,1,0),(957,1,0),(958,1,0),(959,1,0),(960,1,0),(961,1,0),(962,1,0),(963,1,0),(964,1,0),(965,1,0),(966,1,0),(967,1,0),(968,1,0),(969,1,0),(970,1,0),(971,1,0),(972,1,0),(973,1,0),(974,1,0),(975,1,0),(976,1,0),(977,1,0),(978,1,0),(979,1,0),(980,1,1),(981,1,0),(982,1,0),(983,1,0),(984,1,0),(985,1,0),(986,1,1),(987,1,0),(988,1,1),(989,1,0),(990,1,0),(991,1,0),(992,1,0),(993,1,0),(994,1,0),(995,1,0),(996,1,0),(997,1,0);
/*!40000 ALTER TABLE `Healthcare_Access` ENABLE KEYS */;
UNLOCK TABLES;

--
-- Table structure for table `Patient`
--

DROP TABLE IF EXISTS `Patient`;
/*!40101 SET @saved_cs_client     = @@character_set_client */;
/*!50503 SET character_set_client = utf8mb4 */;
CREATE TABLE `Patient` (
  `Patient_id` int NOT NULL AUTO_INCREMENT,
  `Diabetes` varchar(15) NOT NULL,
  `Demographics_id` int NOT NULL,
  `Clinical_Conditions_id` int NOT NULL,
  `Self_Reported_id` int NOT NULL,
  `Healthcare_Access_id` int NOT NULL,
  `Vitals_id` int NOT NULL,
  `Screening_id` int NOT NULL,
  `Health_Behavior_id` int NOT NULL,
  PRIMARY KEY (`Patient_id`),
  KEY `fk_Patient_Demographics_idx` (`Demographics_id`),
  KEY `fk_Patient_Clinical_Condiitons1_idx` (`Clinical_Conditions_id`),
  KEY `fk_Patient_Self_Reported_Health1_idx` (`Self_Reported_id`),
  KEY `fk_Patient_Healthcare_Access1_idx` (`Healthcare_Access_id`),
  KEY `fk_Patient_Vitals1_idx` (`Vitals_id`),
  KEY `fk_Patient_Screening1_idx` (`Screening_id`),
  KEY `fk_Patient_Health_Behaviors1_idx` (`Health_Behavior_id`),
  CONSTRAINT `fk_Patient_Clinical_Condiitons1` FOREIGN KEY (`Clinical_Conditions_id`) REFERENCES `Clinical_Conditons` (`Clinical_Conditions_id`),
  CONSTRAINT `fk_Patient_Demographics` FOREIGN KEY (`Demographics_id`) REFERENCES `Demographics` (`Demographics_id`),
  CONSTRAINT `fk_Patient_Health_Behaviors1` FOREIGN KEY (`Health_Behavior_id`) REFERENCES `Health_Behaviors` (`Health_Behavior_id`),
  CONSTRAINT `fk_Patient_Healthcare_Access1` FOREIGN KEY (`Healthcare_Access_id`) REFERENCES `Healthcare_Access` (`Healthcare_Access_id`),
  CONSTRAINT `fk_Patient_Screening1` FOREIGN KEY (`Screening_id`) REFERENCES `Screening` (`Screening_id`),
  CONSTRAINT `fk_Patient_Self_Reported_Health1` FOREIGN KEY (`Self_Reported_id`) REFERENCES `Self_Reported_Health` (`Self_Reported_id`),
  CONSTRAINT `fk_Patient_Vitals1` FOREIGN KEY (`Vitals_id`) REFERENCES `Vitals` (`Vitals_id`)
) ENGINE=InnoDB AUTO_INCREMENT=998 DEFAULT CHARSET=utf8mb3;
/*!40101 SET character_set_client = @saved_cs_client */;

--
-- Dumping data for table `Patient`
--

LOCK TABLES `Patient` WRITE;
/*!40000 ALTER TABLE `Patient` DISABLE KEYS */;
INSERT INTO `Patient` VALUES (1,'0',1,1,1,1,1,1,1),(2,'0',2,2,2,2,2,2,2),(3,'0',3,3,3,3,3,3,3),(4,'0',4,4,4,4,4,4,4),(5,'0',5,5,5,5,5,5,5),(6,'0',6,6,6,6,6,6,6),(7,'0',7,7,7,7,7,7,7),(8,'0',8,8,8,8,8,8,8),(9,'2',9,9,9,9,9,9,9),(10,'0',10,10,10,10,10,10,10),(11,'2',11,11,11,11,11,11,11),(12,'0',12,12,12,12,12,12,12),(13,'0',13,13,13,13,13,13,13),(14,'2',14,14,14,14,14,14,14),(15,'0',15,15,15,15,15,15,15),(16,'0',16,16,16,16,16,16,16),(17,'0',17,17,17,17,17,17,17),(18,'2',18,18,18,18,18,18,18),(19,'0',19,19,19,19,19,19,19),(20,'0',20,20,20,20,20,20,20),(21,'0',21,21,21,21,21,21,21),(22,'0',22,22,22,22,22,22,22),(23,'0',23,23,23,23,23,23,23),(24,'2',24,24,24,24,24,24,24),(25,'0',25,25,25,25,25,25,25),(26,'0',26,26,26,26,26,26,26),(27,'2',27,27,27,27,27,27,27),(28,'2',28,28,28,28,28,28,28),(29,'2',29,29,29,29,29,29,29),(30,'0',30,30,30,30,30,30,30),(31,'2',31,31,31,31,31,31,31),(32,'0',32,32,32,32,32,32,32),(33,'0',33,33,33,33,33,33,33),(34,'0',34,34,34,34,34,34,34),(35,'2',35,35,35,35,35,35,35),(36,'0',36,36,36,36,36,36,36),(37,'0',37,37,37,37,37,37,37),(38,'0',38,38,38,38,38,38,38),(39,'0',39,39,39,39,39,39,39),(40,'0',40,40,40,40,40,40,40),(41,'0',41,41,41,41,41,41,41),(42,'2',42,42,42,42,42,42,42),(43,'0',43,43,43,43,43,43,43),(44,'0',44,44,44,44,44,44,44),(45,'0',45,45,45,45,45,45,45),(46,'0',46,46,46,46,46,46,46),(47,'0',47,47,47,47,47,47,47),(48,'0',48,48,48,48,48,48,48),(49,'0',49,49,49,49,49,49,49),(50,'2',50,50,50,50,50,50,50),(51,'0',51,51,51,51,51,51,51),(52,'0',52,52,52,52,52,52,52),(53,'2',53,53,53,53,53,53,53),(54,'0',54,54,54,54,54,54,54),(55,'0',55,55,55,55,55,55,55),(56,'0',56,56,56,56,56,56,56),(57,'0',57,57,57,57,57,57,57),(58,'0',58,58,58,58,58,58,58),(59,'0',59,59,59,59,59,59,59),(60,'0',60,60,60,60,60,60,60),(61,'2',61,61,61,61,61,61,61),(62,'0',62,62,62,62,62,62,62),(63,'0',63,63,63,63,63,63,63),(64,'0',64,64,64,64,64,64,64),(65,'1',65,65,65,65,65,65,65),(66,'0',66,66,66,66,66,66,66),(67,'0',67,67,67,67,67,67,67),(68,'0',68,68,68,68,68,68,68),(69,'2',69,69,69,69,69,69,69),(70,'2',70,70,70,70,70,70,70),(71,'0',71,71,71,71,71,71,71),(72,'2',72,72,72,72,72,72,72),(73,'0',73,73,73,73,73,73,73),(74,'0',74,74,74,74,74,74,74),(75,'0',75,75,75,75,75,75,75),(76,'0',76,76,76,76,76,76,76),(77,'2',77,77,77,77,77,77,77),(78,'0',78,78,78,78,78,78,78),(79,'0',79,79,79,79,79,79,79),(80,'0',80,80,80,80,80,80,80),(81,'0',81,81,81,81,81,81,81),(82,'1',82,82,82,82,82,82,82),(83,'0',83,83,83,83,83,83,83),(84,'2',84,84,84,84,84,84,84),(85,'0',85,85,85,85,85,85,85),(86,'2',86,86,86,86,86,86,86),(87,'0',87,87,87,87,87,87,87),(88,'0',88,88,88,88,88,88,88),(89,'0',89,89,89,89,89,89,89),(90,'2',90,90,90,90,90,90,90),(91,'0',91,91,91,91,91,91,91),(92,'0',92,92,92,92,92,92,92),(93,'2',93,93,93,93,93,93,93),(94,'2',94,94,94,94,94,94,94),(95,'0',95,95,95,95,95,95,95),(96,'2',96,96,96,96,96,96,96),(97,'2',97,97,97,97,97,97,97),(98,'0',98,98,98,98,98,98,98),(99,'0',99,99,99,99,99,99,99),(100,'0',100,100,100,100,100,100,100),(101,'0',101,101,101,101,101,101,101),(102,'0',102,102,102,102,102,102,102),(103,'0',103,103,103,103,103,103,103),(104,'2',104,104,104,104,104,104,104),(105,'0',105,105,105,105,105,105,105),(106,'0',106,106,106,106,106,106,106),(107,'0',107,107,107,107,107,107,107),(108,'2',108,108,108,108,108,108,108),(109,'0',109,109,109,109,109,109,109),(110,'0',110,110,110,110,110,110,110),(111,'0',111,111,111,111,111,111,111),(112,'0',112,112,112,112,112,112,112),(113,'0',113,113,113,113,113,113,113),(114,'0',114,114,114,114,114,114,114),(115,'0',115,115,115,115,115,115,115),(116,'0',116,116,116,116,116,116,116),(117,'0',117,117,117,117,117,117,117),(118,'0',118,118,118,118,118,118,118),(119,'0',119,119,119,119,119,119,119),(120,'0',120,120,120,120,120,120,120),(121,'0',121,121,121,121,121,121,121),(122,'2',122,122,122,122,122,122,122),(123,'0',123,123,123,123,123,123,123),(124,'0',124,124,124,124,124,124,124),(125,'0',125,125,125,125,125,125,125),(126,'0',126,126,126,126,126,126,126),(127,'0',127,127,127,127,127,127,127),(128,'0',128,128,128,128,128,128,128),(129,'0',129,129,129,129,129,129,129),(130,'0',130,130,130,130,130,130,130),(131,'0',131,131,131,131,131,131,131),(132,'0',132,132,132,132,132,132,132),(133,'0',133,133,133,133,133,133,133),(134,'0',134,134,134,134,134,134,134),(135,'0',135,135,135,135,135,135,135),(136,'0',136,136,136,136,136,136,136),(137,'0',137,137,137,137,137,137,137),(138,'2',138,138,138,138,138,138,138),(139,'0',139,139,139,139,139,139,139),(140,'0',140,140,140,140,140,140,140),(141,'0',141,141,141,141,141,141,141),(142,'0',142,142,142,142,142,142,142),(143,'0',143,143,143,143,143,143,143),(144,'2',144,144,144,144,144,144,144),(145,'2',145,145,145,145,145,145,145),(146,'0',146,146,146,146,146,146,146),(147,'0',147,147,147,147,147,147,147),(148,'0',148,148,148,148,148,148,148),(149,'0',149,149,149,149,149,149,149),(150,'0',150,150,150,150,150,150,150),(151,'2',151,151,151,151,151,151,151),(152,'0',152,152,152,152,152,152,152),(153,'2',153,153,153,153,153,153,153),(154,'2',154,154,154,154,154,154,154),(155,'0',155,155,155,155,155,155,155),(156,'0',156,156,156,156,156,156,156),(157,'2',157,157,157,157,157,157,157),(158,'0',158,158,158,158,158,158,158),(159,'2',159,159,159,159,159,159,159),(160,'0',160,160,160,160,160,160,160),(161,'2',161,161,161,161,161,161,161),(162,'0',162,162,162,162,162,162,162),(163,'0',163,163,163,163,163,163,163),(164,'2',164,164,164,164,164,164,164),(165,'0',165,165,165,165,165,165,165),(166,'2',166,166,166,166,166,166,166),(167,'0',167,167,167,167,167,167,167),(168,'0',168,168,168,168,168,168,168),(169,'0',169,169,169,169,169,169,169),(170,'0',170,170,170,170,170,170,170),(171,'2',171,171,171,171,171,171,171),(172,'2',172,172,172,172,172,172,172),(173,'0',173,173,173,173,173,173,173),(174,'0',174,174,174,174,174,174,174),(175,'0',175,175,175,175,175,175,175),(176,'0',176,176,176,176,176,176,176),(177,'2',177,177,177,177,177,177,177),(178,'2',178,178,178,178,178,178,178),(179,'0',179,179,179,179,179,179,179),(180,'0',180,180,180,180,180,180,180),(181,'0',181,181,181,181,181,181,181),(182,'0',182,182,182,182,182,182,182),(183,'0',183,183,183,183,183,183,183),(184,'0',184,184,184,184,184,184,184),(185,'0',185,185,185,185,185,185,185),(186,'0',186,186,186,186,186,186,186),(187,'0',187,187,187,187,187,187,187),(188,'0',188,188,188,188,188,188,188),(189,'0',189,189,189,189,189,189,189),(190,'0',190,190,190,190,190,190,190),(191,'0',191,191,191,191,191,191,191),(192,'0',192,192,192,192,192,192,192),(193,'0',193,193,193,193,193,193,193),(194,'1',194,194,194,194,194,194,194),(195,'2',195,195,195,195,195,195,195),(196,'0',196,196,196,196,196,196,196),(197,'0',197,197,197,197,197,197,197),(198,'2',198,198,198,198,198,198,198),(199,'0',199,199,199,199,199,199,199),(200,'0',200,200,200,200,200,200,200),(201,'0',201,201,201,201,201,201,201),(202,'2',202,202,202,202,202,202,202),(203,'0',203,203,203,203,203,203,203),(204,'0',204,204,204,204,204,204,204),(205,'0',205,205,205,205,205,205,205),(206,'0',206,206,206,206,206,206,206),(207,'0',207,207,207,207,207,207,207),(208,'0',208,208,208,208,208,208,208),(209,'0',209,209,209,209,209,209,209),(210,'0',210,210,210,210,210,210,210),(211,'2',211,211,211,211,211,211,211),(212,'0',212,212,212,212,212,212,212),(213,'0',213,213,213,213,213,213,213),(214,'0',214,214,214,214,214,214,214),(215,'0',215,215,215,215,215,215,215),(216,'0',216,216,216,216,216,216,216),(217,'0',217,217,217,217,217,217,217),(218,'2',218,218,218,218,218,218,218),(219,'0',219,219,219,219,219,219,219),(220,'2',220,220,220,220,220,220,220),(221,'0',221,221,221,221,221,221,221),(222,'0',222,222,222,222,222,222,222),(223,'0',223,223,223,223,223,223,223),(224,'0',224,224,224,224,224,224,224),(225,'0',225,225,225,225,225,225,225),(226,'0',226,226,226,226,226,226,226),(227,'0',227,227,227,227,227,227,227),(228,'0',228,228,228,228,228,228,228),(229,'0',229,229,229,229,229,229,229),(230,'0',230,230,230,230,230,230,230),(231,'0',231,231,231,231,231,231,231),(232,'0',232,232,232,232,232,232,232),(233,'0',233,233,233,233,233,233,233),(234,'0',234,234,234,234,234,234,234),(235,'0',235,235,235,235,235,235,235),(236,'2',236,236,236,236,236,236,236),(237,'1',237,237,237,237,237,237,237),(238,'2',238,238,238,238,238,238,238),(239,'2',239,239,239,239,239,239,239),(240,'0',240,240,240,240,240,240,240),(241,'0',241,241,241,241,241,241,241),(242,'0',242,242,242,242,242,242,242),(243,'0',243,243,243,243,243,243,243),(244,'2',244,244,244,244,244,244,244),(245,'0',245,245,245,245,245,245,245),(246,'0',246,246,246,246,246,246,246),(247,'0',247,247,247,247,247,247,247),(248,'0',248,248,248,248,248,248,248),(249,'0',249,249,249,249,249,249,249),(250,'2',250,250,250,250,250,250,250),(251,'2',251,251,251,251,251,251,251),(252,'0',252,252,252,252,252,252,252),(253,'0',253,253,253,253,253,253,253),(254,'0',254,254,254,254,254,254,254),(255,'0',255,255,255,255,255,255,255),(256,'0',256,256,256,256,256,256,256),(257,'0',257,257,257,257,257,257,257),(258,'0',258,258,258,258,258,258,258),(259,'0',259,259,259,259,259,259,259),(260,'0',260,260,260,260,260,260,260),(261,'2',261,261,261,261,261,261,261),(262,'0',262,262,262,262,262,262,262),(263,'0',263,263,263,263,263,263,263),(264,'0',264,264,264,264,264,264,264),(265,'0',265,265,265,265,265,265,265),(266,'0',266,266,266,266,266,266,266),(267,'2',267,267,267,267,267,267,267),(268,'2',268,268,268,268,268,268,268),(269,'2',269,269,269,269,269,269,269),(270,'2',270,270,270,270,270,270,270),(271,'0',271,271,271,271,271,271,271),(272,'0',272,272,272,272,272,272,272),(273,'0',273,273,273,273,273,273,273),(274,'0',274,274,274,274,274,274,274),(275,'2',275,275,275,275,275,275,275),(276,'1',276,276,276,276,276,276,276),(277,'0',277,277,277,277,277,277,277),(278,'0',278,278,278,278,278,278,278),(279,'0',279,279,279,279,279,279,279),(280,'2',280,280,280,280,280,280,280),(281,'0',281,281,281,281,281,281,281),(282,'0',282,282,282,282,282,282,282),(283,'0',283,283,283,283,283,283,283),(284,'0',284,284,284,284,284,284,284),(285,'0',285,285,285,285,285,285,285),(286,'2',286,286,286,286,286,286,286),(287,'0',287,287,287,287,287,287,287),(288,'0',288,288,288,288,288,288,288),(289,'0',289,289,289,289,289,289,289),(290,'2',290,290,290,290,290,290,290),(291,'0',291,291,291,291,291,291,291),(292,'2',292,292,292,292,292,292,292),(293,'0',293,293,293,293,293,293,293),(294,'0',294,294,294,294,294,294,294),(295,'0',295,295,295,295,295,295,295),(296,'2',296,296,296,296,296,296,296),(297,'0',297,297,297,297,297,297,297),(298,'0',298,298,298,298,298,298,298),(299,'0',299,299,299,299,299,299,299),(300,'0',300,300,300,300,300,300,300),(301,'0',301,301,301,301,301,301,301),(302,'0',302,302,302,302,302,302,302),(303,'0',303,303,303,303,303,303,303),(304,'0',304,304,304,304,304,304,304),(305,'0',305,305,305,305,305,305,305),(306,'0',306,306,306,306,306,306,306),(307,'0',307,307,307,307,307,307,307),(308,'0',308,308,308,308,308,308,308),(309,'0',309,309,309,309,309,309,309),(310,'2',310,310,310,310,310,310,310),(311,'2',311,311,311,311,311,311,311),(312,'0',312,312,312,312,312,312,312),(313,'0',313,313,313,313,313,313,313),(314,'0',314,314,314,314,314,314,314),(315,'0',315,315,315,315,315,315,315),(316,'2',316,316,316,316,316,316,316),(317,'2',317,317,317,317,317,317,317),(318,'2',318,318,318,318,318,318,318),(319,'0',319,319,319,319,319,319,319),(320,'0',320,320,320,320,320,320,320),(321,'2',321,321,321,321,321,321,321),(322,'2',322,322,322,322,322,322,322),(323,'2',323,323,323,323,323,323,323),(324,'0',324,324,324,324,324,324,324),(325,'2',325,325,325,325,325,325,325),(326,'0',326,326,326,326,326,326,326),(327,'0',327,327,327,327,327,327,327),(328,'0',328,328,328,328,328,328,328),(329,'0',329,329,329,329,329,329,329),(330,'0',330,330,330,330,330,330,330),(331,'0',331,331,331,331,331,331,331),(332,'2',332,332,332,332,332,332,332),(333,'2',333,333,333,333,333,333,333),(334,'0',334,334,334,334,334,334,334),(335,'0',335,335,335,335,335,335,335),(336,'0',336,336,336,336,336,336,336),(337,'0',337,337,337,337,337,337,337),(338,'0',338,338,338,338,338,338,338),(339,'0',339,339,339,339,339,339,339),(340,'0',340,340,340,340,340,340,340),(341,'0',341,341,341,341,341,341,341),(342,'2',342,342,342,342,342,342,342),(343,'0',343,343,343,343,343,343,343),(344,'0',344,344,344,344,344,344,344),(345,'0',345,345,345,345,345,345,345),(346,'0',346,346,346,346,346,346,346),(347,'0',347,347,347,347,347,347,347),(348,'0',348,348,348,348,348,348,348),(349,'0',349,349,349,349,349,349,349),(350,'0',350,350,350,350,350,350,350),(351,'0',351,351,351,351,351,351,351),(352,'0',352,352,352,352,352,352,352),(353,'0',353,353,353,353,353,353,353),(354,'2',354,354,354,354,354,354,354),(355,'0',355,355,355,355,355,355,355),(356,'2',356,356,356,356,356,356,356),(357,'0',357,357,357,357,357,357,357),(358,'2',358,358,358,358,358,358,358),(359,'0',359,359,359,359,359,359,359),(360,'0',360,360,360,360,360,360,360),(361,'1',361,361,361,361,361,361,361),(362,'2',362,362,362,362,362,362,362),(363,'0',363,363,363,363,363,363,363),(364,'2',364,364,364,364,364,364,364),(365,'0',365,365,365,365,365,365,365),(366,'0',366,366,366,366,366,366,366),(367,'1',367,367,367,367,367,367,367),(368,'0',368,368,368,368,368,368,368),(369,'2',369,369,369,369,369,369,369),(370,'2',370,370,370,370,370,370,370),(371,'0',371,371,371,371,371,371,371),(372,'0',372,372,372,372,372,372,372),(373,'0',373,373,373,373,373,373,373),(374,'0',374,374,374,374,374,374,374),(375,'2',375,375,375,375,375,375,375),(376,'2',376,376,376,376,376,376,376),(377,'0',377,377,377,377,377,377,377),(378,'2',378,378,378,378,378,378,378),(379,'2',379,379,379,379,379,379,379),(380,'0',380,380,380,380,380,380,380),(381,'1',381,381,381,381,381,381,381),(382,'0',382,382,382,382,382,382,382),(383,'0',383,383,383,383,383,383,383),(384,'0',384,384,384,384,384,384,384),(385,'2',385,385,385,385,385,385,385),(386,'0',386,386,386,386,386,386,386),(387,'0',387,387,387,387,387,387,387),(388,'0',388,388,388,388,388,388,388),(389,'2',389,389,389,389,389,389,389),(390,'0',390,390,390,390,390,390,390),(391,'0',391,391,391,391,391,391,391),(392,'0',392,392,392,392,392,392,392),(393,'0',393,393,393,393,393,393,393),(394,'0',394,394,394,394,394,394,394),(395,'0',395,395,395,395,395,395,395),(396,'2',396,396,396,396,396,396,396),(397,'0',397,397,397,397,397,397,397),(398,'0',398,398,398,398,398,398,398),(399,'0',399,399,399,399,399,399,399),(400,'0',400,400,400,400,400,400,400),(401,'1',401,401,401,401,401,401,401),(402,'2',402,402,402,402,402,402,402),(403,'2',403,403,403,403,403,403,403),(404,'2',404,404,404,404,404,404,404),(405,'0',405,405,405,405,405,405,405),(406,'0',406,406,406,406,406,406,406),(407,'2',407,407,407,407,407,407,407),(408,'0',408,408,408,408,408,408,408),(409,'2',409,409,409,409,409,409,409),(410,'0',410,410,410,410,410,410,410),(411,'1',411,411,411,411,411,411,411),(412,'2',412,412,412,412,412,412,412),(413,'0',413,413,413,413,413,413,413),(414,'0',414,414,414,414,414,414,414),(415,'0',415,415,415,415,415,415,415),(416,'0',416,416,416,416,416,416,416),(417,'0',417,417,417,417,417,417,417),(418,'2',418,418,418,418,418,418,418),(419,'2',419,419,419,419,419,419,419),(420,'0',420,420,420,420,420,420,420),(421,'2',421,421,421,421,421,421,421),(422,'2',422,422,422,422,422,422,422),(423,'0',423,423,423,423,423,423,423),(424,'0',424,424,424,424,424,424,424),(425,'0',425,425,425,425,425,425,425),(426,'0',426,426,426,426,426,426,426),(427,'2',427,427,427,427,427,427,427),(428,'0',428,428,428,428,428,428,428),(429,'0',429,429,429,429,429,429,429),(430,'0',430,430,430,430,430,430,430),(431,'0',431,431,431,431,431,431,431),(432,'0',432,432,432,432,432,432,432),(433,'0',433,433,433,433,433,433,433),(434,'0',434,434,434,434,434,434,434),(435,'0',435,435,435,435,435,435,435),(436,'0',436,436,436,436,436,436,436),(437,'0',437,437,437,437,437,437,437),(438,'0',438,438,438,438,438,438,438),(439,'0',439,439,439,439,439,439,439),(440,'0',440,440,440,440,440,440,440),(441,'0',441,441,441,441,441,441,441),(442,'2',442,442,442,442,442,442,442),(443,'0',443,443,443,443,443,443,443),(444,'0',444,444,444,444,444,444,444),(445,'0',445,445,445,445,445,445,445),(446,'2',446,446,446,446,446,446,446),(447,'0',447,447,447,447,447,447,447),(448,'0',448,448,448,448,448,448,448),(449,'0',449,449,449,449,449,449,449),(450,'0',450,450,450,450,450,450,450),(451,'0',451,451,451,451,451,451,451),(452,'0',452,452,452,452,452,452,452),(453,'2',453,453,453,453,453,453,453),(454,'0',454,454,454,454,454,454,454),(455,'2',455,455,455,455,455,455,455),(456,'2',456,456,456,456,456,456,456),(457,'2',457,457,457,457,457,457,457),(458,'0',458,458,458,458,458,458,458),(459,'2',459,459,459,459,459,459,459),(460,'0',460,460,460,460,460,460,460),(461,'2',461,461,461,461,461,461,461),(462,'0',462,462,462,462,462,462,462),(463,'0',463,463,463,463,463,463,463),(464,'0',464,464,464,464,464,464,464),(465,'0',465,465,465,465,465,465,465),(466,'0',466,466,466,466,466,466,466),(467,'0',467,467,467,467,467,467,467),(468,'0',468,468,468,468,468,468,468),(469,'0',469,469,469,469,469,469,469),(470,'0',470,470,470,470,470,470,470),(471,'0',471,471,471,471,471,471,471),(472,'2',472,472,472,472,472,472,472),(473,'0',473,473,473,473,473,473,473),(474,'0',474,474,474,474,474,474,474),(475,'0',475,475,475,475,475,475,475),(476,'0',476,476,476,476,476,476,476),(477,'0',477,477,477,477,477,477,477),(478,'0',478,478,478,478,478,478,478),(479,'2',479,479,479,479,479,479,479),(480,'0',480,480,480,480,480,480,480),(481,'0',481,481,481,481,481,481,481),(482,'0',482,482,482,482,482,482,482),(483,'0',483,483,483,483,483,483,483),(484,'0',484,484,484,484,484,484,484),(485,'0',485,485,485,485,485,485,485),(486,'0',486,486,486,486,486,486,486),(487,'0',487,487,487,487,487,487,487),(488,'0',488,488,488,488,488,488,488),(489,'0',489,489,489,489,489,489,489),(490,'0',490,490,490,490,490,490,490),(491,'0',491,491,491,491,491,491,491),(492,'0',492,492,492,492,492,492,492),(493,'0',493,493,493,493,493,493,493),(494,'2',494,494,494,494,494,494,494),(495,'0',495,495,495,495,495,495,495),(496,'2',496,496,496,496,496,496,496),(497,'2',497,497,497,497,497,497,497),(498,'0',498,498,498,498,498,498,498),(499,'0',499,499,499,499,499,499,499),(500,'0',500,500,500,500,500,500,500),(501,'0',501,501,501,501,501,501,501),(502,'2',502,502,502,502,502,502,502),(503,'0',503,503,503,503,503,503,503),(504,'2',504,504,504,504,504,504,504),(505,'0',505,505,505,505,505,505,505),(506,'2',506,506,506,506,506,506,506),(507,'0',507,507,507,507,507,507,507),(508,'0',508,508,508,508,508,508,508),(509,'2',509,509,509,509,509,509,509),(510,'2',510,510,510,510,510,510,510),(511,'2',511,511,511,511,511,511,511),(512,'0',512,512,512,512,512,512,512),(513,'0',513,513,513,513,513,513,513),(514,'0',514,514,514,514,514,514,514),(515,'2',515,515,515,515,515,515,515),(516,'0',516,516,516,516,516,516,516),(517,'2',517,517,517,517,517,517,517),(518,'0',518,518,518,518,518,518,518),(519,'0',519,519,519,519,519,519,519),(520,'0',520,520,520,520,520,520,520),(521,'0',521,521,521,521,521,521,521),(522,'2',522,522,522,522,522,522,522),(523,'2',523,523,523,523,523,523,523),(524,'0',524,524,524,524,524,524,524),(525,'0',525,525,525,525,525,525,525),(526,'0',526,526,526,526,526,526,526),(527,'2',527,527,527,527,527,527,527),(528,'2',528,528,528,528,528,528,528),(529,'0',529,529,529,529,529,529,529),(530,'2',530,530,530,530,530,530,530),(531,'0',531,531,531,531,531,531,531),(532,'0',532,532,532,532,532,532,532),(533,'0',533,533,533,533,533,533,533),(534,'0',534,534,534,534,534,534,534),(535,'0',535,535,535,535,535,535,535),(536,'0',536,536,536,536,536,536,536),(537,'2',537,537,537,537,537,537,537),(538,'0',538,538,538,538,538,538,538),(539,'2',539,539,539,539,539,539,539),(540,'0',540,540,540,540,540,540,540),(541,'2',541,541,541,541,541,541,541),(542,'2',542,542,542,542,542,542,542),(543,'0',543,543,543,543,543,543,543),(544,'0',544,544,544,544,544,544,544),(545,'1',545,545,545,545,545,545,545),(546,'0',546,546,546,546,546,546,546),(547,'0',547,547,547,547,547,547,547),(548,'0',548,548,548,548,548,548,548),(549,'0',549,549,549,549,549,549,549),(550,'0',550,550,550,550,550,550,550),(551,'0',551,551,551,551,551,551,551),(552,'0',552,552,552,552,552,552,552),(553,'0',553,553,553,553,553,553,553),(554,'0',554,554,554,554,554,554,554),(555,'0',555,555,555,555,555,555,555),(556,'0',556,556,556,556,556,556,556),(557,'2',557,557,557,557,557,557,557),(558,'0',558,558,558,558,558,558,558),(559,'0',559,559,559,559,559,559,559),(560,'2',560,560,560,560,560,560,560),(561,'2',561,561,561,561,561,561,561),(562,'2',562,562,562,562,562,562,562),(563,'2',563,563,563,563,563,563,563),(564,'2',564,564,564,564,564,564,564),(565,'0',565,565,565,565,565,565,565),(566,'0',566,566,566,566,566,566,566),(567,'0',567,567,567,567,567,567,567),(568,'2',568,568,568,568,568,568,568),(569,'0',569,569,569,569,569,569,569),(570,'2',570,570,570,570,570,570,570),(571,'2',571,571,571,571,571,571,571),(572,'2',572,572,572,572,572,572,572),(573,'0',573,573,573,573,573,573,573),(574,'0',574,574,574,574,574,574,574),(575,'0',575,575,575,575,575,575,575),(576,'0',576,576,576,576,576,576,576),(577,'0',577,577,577,577,577,577,577),(578,'0',578,578,578,578,578,578,578),(579,'0',579,579,579,579,579,579,579),(580,'0',580,580,580,580,580,580,580),(581,'0',581,581,581,581,581,581,581),(582,'0',582,582,582,582,582,582,582),(583,'2',583,583,583,583,583,583,583),(584,'2',584,584,584,584,584,584,584),(585,'0',585,585,585,585,585,585,585),(586,'0',586,586,586,586,586,586,586),(587,'0',587,587,587,587,587,587,587),(588,'0',588,588,588,588,588,588,588),(589,'0',589,589,589,589,589,589,589),(590,'0',590,590,590,590,590,590,590),(591,'0',591,591,591,591,591,591,591),(592,'2',592,592,592,592,592,592,592),(593,'0',593,593,593,593,593,593,593),(594,'2',594,594,594,594,594,594,594),(595,'0',595,595,595,595,595,595,595),(596,'0',596,596,596,596,596,596,596),(597,'2',597,597,597,597,597,597,597),(598,'0',598,598,598,598,598,598,598),(599,'0',599,599,599,599,599,599,599),(600,'0',600,600,600,600,600,600,600),(601,'0',601,601,601,601,601,601,601),(602,'0',602,602,602,602,602,602,602),(603,'1',603,603,603,603,603,603,603),(604,'0',604,604,604,604,604,604,604),(605,'1',605,605,605,605,605,605,605),(606,'0',606,606,606,606,606,606,606),(607,'2',607,607,607,607,607,607,607),(608,'0',608,608,608,608,608,608,608),(609,'0',609,609,609,609,609,609,609),(610,'0',610,610,610,610,610,610,610),(611,'0',611,611,611,611,611,611,611),(612,'0',612,612,612,612,612,612,612),(613,'2',613,613,613,613,613,613,613),(614,'0',614,614,614,614,614,614,614),(615,'0',615,615,615,615,615,615,615),(616,'0',616,616,616,616,616,616,616),(617,'0',617,617,617,617,617,617,617),(618,'0',618,618,618,618,618,618,618),(619,'2',619,619,619,619,619,619,619),(620,'0',620,620,620,620,620,620,620),(621,'2',621,621,621,621,621,621,621),(622,'2',622,622,622,622,622,622,622),(623,'0',623,623,623,623,623,623,623),(624,'1',624,624,624,624,624,624,624),(625,'0',625,625,625,625,625,625,625),(626,'0',626,626,626,626,626,626,626),(627,'0',627,627,627,627,627,627,627),(628,'0',628,628,628,628,628,628,628),(629,'0',629,629,629,629,629,629,629),(630,'0',630,630,630,630,630,630,630),(631,'0',631,631,631,631,631,631,631),(632,'0',632,632,632,632,632,632,632),(633,'2',633,633,633,633,633,633,633),(634,'0',634,634,634,634,634,634,634),(635,'0',635,635,635,635,635,635,635),(636,'1',636,636,636,636,636,636,636),(637,'2',637,637,637,637,637,637,637),(638,'0',638,638,638,638,638,638,638),(639,'0',639,639,639,639,639,639,639),(640,'0',640,640,640,640,640,640,640),(641,'0',641,641,641,641,641,641,641),(642,'0',642,642,642,642,642,642,642),(643,'0',643,643,643,643,643,643,643),(644,'2',644,644,644,644,644,644,644),(645,'0',645,645,645,645,645,645,645),(646,'2',646,646,646,646,646,646,646),(647,'0',647,647,647,647,647,647,647),(648,'2',648,648,648,648,648,648,648),(649,'0',649,649,649,649,649,649,649),(650,'0',650,650,650,650,650,650,650),(651,'2',651,651,651,651,651,651,651),(652,'0',652,652,652,652,652,652,652),(653,'0',653,653,653,653,653,653,653),(654,'0',654,654,654,654,654,654,654),(655,'0',655,655,655,655,655,655,655),(656,'1',656,656,656,656,656,656,656),(657,'0',657,657,657,657,657,657,657),(658,'0',658,658,658,658,658,658,658),(659,'1',659,659,659,659,659,659,659),(660,'0',660,660,660,660,660,660,660),(661,'2',661,661,661,661,661,661,661),(662,'2',662,662,662,662,662,662,662),(663,'0',663,663,663,663,663,663,663),(664,'0',664,664,664,664,664,664,664),(665,'0',665,665,665,665,665,665,665),(666,'0',666,666,666,666,666,666,666),(667,'0',667,667,667,667,667,667,667),(668,'2',668,668,668,668,668,668,668),(669,'0',669,669,669,669,669,669,669),(670,'0',670,670,670,670,670,670,670),(671,'2',671,671,671,671,671,671,671),(672,'2',672,672,672,672,672,672,672),(673,'0',673,673,673,673,673,673,673),(674,'0',674,674,674,674,674,674,674),(675,'0',675,675,675,675,675,675,675),(676,'0',676,676,676,676,676,676,676),(677,'0',677,677,677,677,677,677,677),(678,'0',678,678,678,678,678,678,678),(679,'0',679,679,679,679,679,679,679),(680,'0',680,680,680,680,680,680,680),(681,'0',681,681,681,681,681,681,681),(682,'0',682,682,682,682,682,682,682),(683,'2',683,683,683,683,683,683,683),(684,'0',684,684,684,684,684,684,684),(685,'0',685,685,685,685,685,685,685),(686,'2',686,686,686,686,686,686,686),(687,'2',687,687,687,687,687,687,687),(688,'0',688,688,688,688,688,688,688),(689,'0',689,689,689,689,689,689,689),(690,'0',690,690,690,690,690,690,690),(691,'2',691,691,691,691,691,691,691),(692,'0',692,692,692,692,692,692,692),(693,'0',693,693,693,693,693,693,693),(694,'2',694,694,694,694,694,694,694),(695,'0',695,695,695,695,695,695,695),(696,'0',696,696,696,696,696,696,696),(697,'0',697,697,697,697,697,697,697),(698,'0',698,698,698,698,698,698,698),(699,'0',699,699,699,699,699,699,699),(700,'0',700,700,700,700,700,700,700),(701,'0',701,701,701,701,701,701,701),(702,'0',702,702,702,702,702,702,702),(703,'0',703,703,703,703,703,703,703),(704,'0',704,704,704,704,704,704,704),(705,'0',705,705,705,705,705,705,705),(706,'0',706,706,706,706,706,706,706),(707,'0',707,707,707,707,707,707,707),(708,'0',708,708,708,708,708,708,708),(709,'0',709,709,709,709,709,709,709),(710,'0',710,710,710,710,710,710,710),(711,'0',711,711,711,711,711,711,711),(712,'0',712,712,712,712,712,712,712),(713,'2',713,713,713,713,713,713,713),(714,'0',714,714,714,714,714,714,714),(715,'0',715,715,715,715,715,715,715),(716,'0',716,716,716,716,716,716,716),(717,'0',717,717,717,717,717,717,717),(718,'0',718,718,718,718,718,718,718),(719,'0',719,719,719,719,719,719,719),(720,'0',720,720,720,720,720,720,720),(721,'0',721,721,721,721,721,721,721),(722,'2',722,722,722,722,722,722,722),(723,'0',723,723,723,723,723,723,723),(724,'2',724,724,724,724,724,724,724),(725,'0',725,725,725,725,725,725,725),(726,'0',726,726,726,726,726,726,726),(727,'0',727,727,727,727,727,727,727),(728,'0',728,728,728,728,728,728,728),(729,'0',729,729,729,729,729,729,729),(730,'0',730,730,730,730,730,730,730),(731,'0',731,731,731,731,731,731,731),(732,'0',732,732,732,732,732,732,732),(733,'0',733,733,733,733,733,733,733),(734,'0',734,734,734,734,734,734,734),(735,'0',735,735,735,735,735,735,735),(736,'0',736,736,736,736,736,736,736),(737,'0',737,737,737,737,737,737,737),(738,'0',738,738,738,738,738,738,738),(739,'0',739,739,739,739,739,739,739),(740,'2',740,740,740,740,740,740,740),(741,'0',741,741,741,741,741,741,741),(742,'0',742,742,742,742,742,742,742),(743,'0',743,743,743,743,743,743,743),(744,'0',744,744,744,744,744,744,744),(745,'0',745,745,745,745,745,745,745),(746,'2',746,746,746,746,746,746,746),(747,'0',747,747,747,747,747,747,747),(748,'0',748,748,748,748,748,748,748),(749,'0',749,749,749,749,749,749,749),(750,'2',750,750,750,750,750,750,750),(751,'2',751,751,751,751,751,751,751),(752,'0',752,752,752,752,752,752,752),(753,'2',753,753,753,753,753,753,753),(754,'2',754,754,754,754,754,754,754),(755,'0',755,755,755,755,755,755,755),(756,'0',756,756,756,756,756,756,756),(757,'0',757,757,757,757,757,757,757),(758,'0',758,758,758,758,758,758,758),(759,'2',759,759,759,759,759,759,759),(760,'0',760,760,760,760,760,760,760),(761,'1',761,761,761,761,761,761,761),(762,'2',762,762,762,762,762,762,762),(763,'0',763,763,763,763,763,763,763),(764,'0',764,764,764,764,764,764,764),(765,'2',765,765,765,765,765,765,765),(766,'0',766,766,766,766,766,766,766),(767,'0',767,767,767,767,767,767,767),(768,'0',768,768,768,768,768,768,768),(769,'0',769,769,769,769,769,769,769),(770,'0',770,770,770,770,770,770,770),(771,'0',771,771,771,771,771,771,771),(772,'0',772,772,772,772,772,772,772),(773,'0',773,773,773,773,773,773,773),(774,'0',774,774,774,774,774,774,774),(775,'0',775,775,775,775,775,775,775),(776,'0',776,776,776,776,776,776,776),(777,'2',777,777,777,777,777,777,777),(778,'2',778,778,778,778,778,778,778),(779,'0',779,779,779,779,779,779,779),(780,'0',780,780,780,780,780,780,780),(781,'0',781,781,781,781,781,781,781),(782,'2',782,782,782,782,782,782,782),(783,'0',783,783,783,783,783,783,783),(784,'0',784,784,784,784,784,784,784),(785,'2',785,785,785,785,785,785,785),(786,'0',786,786,786,786,786,786,786),(787,'0',787,787,787,787,787,787,787),(788,'0',788,788,788,788,788,788,788),(789,'0',789,789,789,789,789,789,789),(790,'2',790,790,790,790,790,790,790),(791,'0',791,791,791,791,791,791,791),(792,'0',792,792,792,792,792,792,792),(793,'2',793,793,793,793,793,793,793),(794,'0',794,794,794,794,794,794,794),(795,'2',795,795,795,795,795,795,795),(796,'0',796,796,796,796,796,796,796),(797,'0',797,797,797,797,797,797,797),(798,'0',798,798,798,798,798,798,798),(799,'0',799,799,799,799,799,799,799),(800,'0',800,800,800,800,800,800,800),(801,'0',801,801,801,801,801,801,801),(802,'2',802,802,802,802,802,802,802),(803,'0',803,803,803,803,803,803,803),(804,'0',804,804,804,804,804,804,804),(805,'0',805,805,805,805,805,805,805),(806,'0',806,806,806,806,806,806,806),(807,'0',807,807,807,807,807,807,807),(808,'2',808,808,808,808,808,808,808),(809,'0',809,809,809,809,809,809,809),(810,'0',810,810,810,810,810,810,810),(811,'0',811,811,811,811,811,811,811),(812,'0',812,812,812,812,812,812,812),(813,'0',813,813,813,813,813,813,813),(814,'0',814,814,814,814,814,814,814),(815,'0',815,815,815,815,815,815,815),(816,'0',816,816,816,816,816,816,816),(817,'0',817,817,817,817,817,817,817),(818,'0',818,818,818,818,818,818,818),(819,'0',819,819,819,819,819,819,819),(820,'2',820,820,820,820,820,820,820),(821,'0',821,821,821,821,821,821,821),(822,'0',822,822,822,822,822,822,822),(823,'0',823,823,823,823,823,823,823),(824,'0',824,824,824,824,824,824,824),(825,'0',825,825,825,825,825,825,825),(826,'0',826,826,826,826,826,826,826),(827,'0',827,827,827,827,827,827,827),(828,'0',828,828,828,828,828,828,828),(829,'0',829,829,829,829,829,829,829),(830,'0',830,830,830,830,830,830,830),(831,'2',831,831,831,831,831,831,831),(832,'0',832,832,832,832,832,832,832),(833,'2',833,833,833,833,833,833,833),(834,'0',834,834,834,834,834,834,834),(835,'0',835,835,835,835,835,835,835),(836,'0',836,836,836,836,836,836,836),(837,'0',837,837,837,837,837,837,837),(838,'0',838,838,838,838,838,838,838),(839,'0',839,839,839,839,839,839,839),(840,'0',840,840,840,840,840,840,840),(841,'0',841,841,841,841,841,841,841),(842,'0',842,842,842,842,842,842,842),(843,'0',843,843,843,843,843,843,843),(844,'0',844,844,844,844,844,844,844),(845,'0',845,845,845,845,845,845,845),(846,'0',846,846,846,846,846,846,846),(847,'0',847,847,847,847,847,847,847),(848,'0',848,848,848,848,848,848,848),(849,'2',849,849,849,849,849,849,849),(850,'0',850,850,850,850,850,850,850),(851,'0',851,851,851,851,851,851,851),(852,'2',852,852,852,852,852,852,852),(853,'2',853,853,853,853,853,853,853),(854,'0',854,854,854,854,854,854,854),(855,'0',855,855,855,855,855,855,855),(856,'0',856,856,856,856,856,856,856),(857,'2',857,857,857,857,857,857,857),(858,'2',858,858,858,858,858,858,858),(859,'0',859,859,859,859,859,859,859),(860,'2',860,860,860,860,860,860,860),(861,'2',861,861,861,861,861,861,861),(862,'0',862,862,862,862,862,862,862),(863,'0',863,863,863,863,863,863,863),(864,'0',864,864,864,864,864,864,864),(865,'0',865,865,865,865,865,865,865),(866,'0',866,866,866,866,866,866,866),(867,'0',867,867,867,867,867,867,867),(868,'2',868,868,868,868,868,868,868),(869,'0',869,869,869,869,869,869,869),(870,'0',870,870,870,870,870,870,870),(871,'0',871,871,871,871,871,871,871),(872,'0',872,872,872,872,872,872,872),(873,'0',873,873,873,873,873,873,873),(874,'0',874,874,874,874,874,874,874),(875,'0',875,875,875,875,875,875,875),(876,'0',876,876,876,876,876,876,876),(877,'0',877,877,877,877,877,877,877),(878,'0',878,878,878,878,878,878,878),(879,'0',879,879,879,879,879,879,879),(880,'0',880,880,880,880,880,880,880),(881,'0',881,881,881,881,881,881,881),(882,'0',882,882,882,882,882,882,882),(883,'0',883,883,883,883,883,883,883),(884,'2',884,884,884,884,884,884,884),(885,'0',885,885,885,885,885,885,885),(886,'0',886,886,886,886,886,886,886),(887,'0',887,887,887,887,887,887,887),(888,'0',888,888,888,888,888,888,888),(889,'0',889,889,889,889,889,889,889),(890,'0',890,890,890,890,890,890,890),(891,'0',891,891,891,891,891,891,891),(892,'0',892,892,892,892,892,892,892),(893,'0',893,893,893,893,893,893,893),(894,'0',894,894,894,894,894,894,894),(895,'2',895,895,895,895,895,895,895),(896,'0',896,896,896,896,896,896,896),(897,'0',897,897,897,897,897,897,897),(898,'0',898,898,898,898,898,898,898),(899,'0',899,899,899,899,899,899,899),(900,'0',900,900,900,900,900,900,900),(901,'0',901,901,901,901,901,901,901),(902,'0',902,902,902,902,902,902,902),(903,'0',903,903,903,903,903,903,903),(904,'0',904,904,904,904,904,904,904),(905,'0',905,905,905,905,905,905,905),(906,'0',906,906,906,906,906,906,906),(907,'0',907,907,907,907,907,907,907),(908,'2',908,908,908,908,908,908,908),(909,'0',909,909,909,909,909,909,909),(910,'0',910,910,910,910,910,910,910),(911,'0',911,911,911,911,911,911,911),(912,'2',912,912,912,912,912,912,912),(913,'0',913,913,913,913,913,913,913),(914,'0',914,914,914,914,914,914,914),(915,'0',915,915,915,915,915,915,915),(916,'0',916,916,916,916,916,916,916),(917,'0',917,917,917,917,917,917,917),(918,'0',918,918,918,918,918,918,918),(919,'0',919,919,919,919,919,919,919),(920,'0',920,920,920,920,920,920,920),(921,'0',921,921,921,921,921,921,921),(922,'0',922,922,922,922,922,922,922),(923,'0',923,923,923,923,923,923,923),(924,'1',924,924,924,924,924,924,924),(925,'0',925,925,925,925,925,925,925),(926,'2',926,926,926,926,926,926,926),(927,'0',927,927,927,927,927,927,927),(928,'0',928,928,928,928,928,928,928),(929,'0',929,929,929,929,929,929,929),(930,'0',930,930,930,930,930,930,930),(931,'0',931,931,931,931,931,931,931),(932,'0',932,932,932,932,932,932,932),(933,'2',933,933,933,933,933,933,933),(934,'1',934,934,934,934,934,934,934),(935,'0',935,935,935,935,935,935,935),(936,'0',936,936,936,936,936,936,936),(937,'2',937,937,937,937,937,937,937),(938,'0',938,938,938,938,938,938,938),(939,'0',939,939,939,939,939,939,939),(940,'0',940,940,940,940,940,940,940),(941,'0',941,941,941,941,941,941,941),(942,'0',942,942,942,942,942,942,942),(943,'2',943,943,943,943,943,943,943),(944,'2',944,944,944,944,944,944,944),(945,'2',945,945,945,945,945,945,945),(946,'0',946,946,946,946,946,946,946),(947,'2',947,947,947,947,947,947,947),(948,'0',948,948,948,948,948,948,948),(949,'2',949,949,949,949,949,949,949),(950,'2',950,950,950,950,950,950,950),(951,'2',951,951,951,951,951,951,951),(952,'0',952,952,952,952,952,952,952),(953,'0',953,953,953,953,953,953,953),(954,'0',954,954,954,954,954,954,954),(955,'0',955,955,955,955,955,955,955),(956,'0',956,956,956,956,956,956,956),(957,'0',957,957,957,957,957,957,957),(958,'0',958,958,958,958,958,958,958),(959,'0',959,959,959,959,959,959,959),(960,'0',960,960,960,960,960,960,960),(961,'0',961,961,961,961,961,961,961),(962,'0',962,962,962,962,962,962,962),(963,'2',963,963,963,963,963,963,963),(964,'0',964,964,964,964,964,964,964),(965,'0',965,965,965,965,965,965,965),(966,'0',966,966,966,966,966,966,966),(967,'0',967,967,967,967,967,967,967),(968,'0',968,968,968,968,968,968,968),(969,'0',969,969,969,969,969,969,969),(970,'0',970,970,970,970,970,970,970),(971,'0',971,971,971,971,971,971,971),(972,'0',972,972,972,972,972,972,972),(973,'2',973,973,973,973,973,973,973),(974,'0',974,974,974,974,974,974,974),(975,'0',975,975,975,975,975,975,975),(976,'2',976,976,976,976,976,976,976),(977,'0',977,977,977,977,977,977,977),(978,'0',978,978,978,978,978,978,978),(979,'0',979,979,979,979,979,979,979),(980,'0',980,980,980,980,980,980,980),(981,'0',981,981,981,981,981,981,981),(982,'0',982,982,982,982,982,982,982),(983,'2',983,983,983,983,983,983,983),(984,'0',984,984,984,984,984,984,984),(985,'0',985,985,985,985,985,985,985),(986,'0',986,986,986,986,986,986,986),(987,'0',987,987,987,987,987,987,987),(988,'2',988,988,988,988,988,988,988),(989,'0',989,989,989,989,989,989,989),(990,'0',990,990,990,990,990,990,990),(991,'0',991,991,991,991,991,991,991),(992,'0',992,992,992,992,992,992,992),(993,'2',993,993,993,993,993,993,993),(994,'1',994,994,994,994,994,994,994),(995,'0',995,995,995,995,995,995,995),(996,'0',996,996,996,996,996,996,996),(997,'0',997,997,997,997,997,997,997);
/*!40000 ALTER TABLE `Patient` ENABLE KEYS */;
UNLOCK TABLES;

--
-- Table structure for table `Screening`
--

DROP TABLE IF EXISTS `Screening`;
/*!40101 SET @saved_cs_client     = @@character_set_client */;
/*!50503 SET character_set_client = utf8mb4 */;
CREATE TABLE `Screening` (
  `Screening_id` int NOT NULL AUTO_INCREMENT,
  `Cholesterol_Check_Past_5_Years` tinyint NOT NULL,
  PRIMARY KEY (`Screening_id`)
) ENGINE=InnoDB AUTO_INCREMENT=998 DEFAULT CHARSET=utf8mb3;
/*!40101 SET character_set_client = @saved_cs_client */;

--
-- Dumping data for table `Screening`
--

LOCK TABLES `Screening` WRITE;
/*!40000 ALTER TABLE `Screening` DISABLE KEYS */;
INSERT INTO `Screening` VALUES (1,1),(2,0),(3,1),(4,1),(5,1),(6,1),(7,1),(8,1),(9,1),(10,1),(11,1),(12,1),(13,1),(14,1),(15,1),(16,1),(17,1),(18,1),(19,0),(20,1),(21,1),(22,1),(23,1),(24,1),(25,1),(26,1),(27,1),(28,1),(29,1),(30,1),(31,1),(32,1),(33,1),(34,1),(35,1),(36,1),(37,1),(38,1),(39,1),(40,1),(41,1),(42,1),(43,1),(44,1),(45,1),(46,1),(47,1),(48,1),(49,1),(50,1),(51,1),(52,1),(53,1),(54,1),(55,1),(56,1),(57,1),(58,1),(59,1),(60,1),(61,1),(62,1),(63,1),(64,1),(65,1),(66,1),(67,1),(68,1),(69,1),(70,1),(71,1),(72,1),(73,1),(74,0),(75,1),(76,1),(77,1),(78,1),(79,1),(80,1),(81,1),(82,1),(83,1),(84,1),(85,1),(86,1),(87,1),(88,1),(89,1),(90,1),(91,1),(92,1),(93,1),(94,1),(95,1),(96,1),(97,1),(98,1),(99,1),(100,1),(101,1),(102,1),(103,1),(104,1),(105,1),(106,1),(107,1),(108,1),(109,1),(110,1),(111,1),(112,1),(113,1),(114,1),(115,1),(116,1),(117,1),(118,1),(119,1),(120,1),(121,1),(122,1),(123,1),(124,1),(125,1),(126,0),(127,1),(128,1),(129,1),(130,1),(131,1),(132,1),(133,1),(134,1),(135,1),(136,1),(137,1),(138,1),(139,1),(140,1),(141,1),(142,1),(143,1),(144,1),(145,1),(146,1),(147,1),(148,1),(149,1),(150,1),(151,1),(152,1),(153,1),(154,1),(155,1),(156,1),(157,1),(158,1),(159,1),(160,1),(161,1),(162,1),(163,1),(164,1),(165,0),(166,1),(167,1),(168,1),(169,1),(170,1),(171,1),(172,1),(173,1),(174,1),(175,1),(176,1),(177,1),(178,1),(179,1),(180,1),(181,1),(182,1),(183,1),(184,1),(185,1),(186,1),(187,1),(188,1),(189,1),(190,1),(191,1),(192,1),(193,1),(194,1),(195,1),(196,1),(197,1),(198,1),(199,1),(200,1),(201,1),(202,1),(203,1),(204,1),(205,1),(206,1),(207,1),(208,1),(209,1),(210,1),(211,1),(212,1),(213,1),(214,1),(215,1),(216,1),(217,1),(218,1),(219,1),(220,1),(221,1),(222,1),(223,1),(224,1),(225,1),(226,1),(227,1),(228,1),(229,1),(230,1),(231,1),(232,1),(233,1),(234,1),(235,1),(236,1),(237,1),(238,1),(239,1),(240,1),(241,1),(242,1),(243,1),(244,1),(245,1),(246,1),(247,1),(248,1),(249,1),(250,1),(251,1),(252,1),(253,1),(254,1),(255,1),(256,1),(257,1),(258,1),(259,1),(260,1),(261,1),(262,1),(263,1),(264,0),(265,1),(266,1),(267,1),(268,1),(269,1),(270,1),(271,1),(272,1),(273,1),(274,1),(275,1),(276,1),(277,1),(278,1),(279,1),(280,1),(281,1),(282,1),(283,1),(284,1),(285,1),(286,1),(287,1),(288,1),(289,1),(290,1),(291,1),(292,1),(293,1),(294,1),(295,1),(296,1),(297,1),(298,1),(299,1),(300,1),(301,1),(302,1),(303,1),(304,1),(305,1),(306,1),(307,1),(308,1),(309,1),(310,1),(311,1),(312,1),(313,1),(314,1),(315,1),(316,1),(317,1),(318,1),(319,1),(320,1),(321,1),(322,1),(323,1),(324,1),(325,1),(326,1),(327,1),(328,1),(329,1),(330,1),(331,1),(332,1),(333,1),(334,1),(335,1),(336,1),(337,1),(338,1),(339,1),(340,1),(341,1),(342,1),(343,1),(344,1),(345,1),(346,1),(347,0),(348,1),(349,1),(350,1),(351,1),(352,1),(353,1),(354,1),(355,1),(356,1),(357,1),(358,1),(359,1),(360,1),(361,1),(362,1),(363,1),(364,1),(365,1),(366,1),(367,1),(368,1),(369,1),(370,1),(371,1),(372,1),(373,1),(374,1),(375,1),(376,1),(377,1),(378,1),(379,1),(380,1),(381,1),(382,1),(383,1),(384,1),(385,1),(386,1),(387,1),(388,1),(389,1),(390,1),(391,1),(392,1),(393,1),(394,1),(395,0),(396,1),(397,1),(398,1),(399,1),(400,1),(401,1),(402,1),(403,1),(404,1),(405,1),(406,1),(407,1),(408,1),(409,1),(410,0),(411,1),(412,1),(413,1),(414,1),(415,1),(416,1),(417,1),(418,1),(419,1),(420,1),(421,1),(422,1),(423,1),(424,1),(425,1),(426,1),(427,1),(428,1),(429,1),(430,1),(431,1),(432,1),(433,1),(434,1),(435,1),(436,1),(437,1),(438,1),(439,1),(440,1),(441,1),(442,1),(443,1),(444,1),(445,1),(446,1),(447,1),(448,1),(449,1),(450,1),(451,1),(452,1),(453,1),(454,1),(455,1),(456,1),(457,1),(458,1),(459,1),(460,1),(461,1),(462,1),(463,1),(464,1),(465,1),(466,1),(467,1),(468,1),(469,1),(470,1),(471,0),(472,1),(473,1),(474,1),(475,1),(476,1),(477,1),(478,1),(479,1),(480,1),(481,1),(482,1),(483,1),(484,1),(485,1),(486,1),(487,1),(488,1),(489,1),(490,1),(491,1),(492,1),(493,1),(494,1),(495,1),(496,1),(497,1),(498,1),(499,1),(500,1),(501,1),(502,1),(503,1),(504,1),(505,1),(506,1),(507,1),(508,1),(509,1),(510,1),(511,1),(512,1),(513,0),(514,1),(515,1),(516,1),(517,1),(518,1),(519,1),(520,1),(521,1),(522,1),(523,1),(524,1),(525,1),(526,1),(527,1),(528,1),(529,1),(530,1),(531,1),(532,1),(533,1),(534,1),(535,1),(536,1),(537,1),(538,1),(539,1),(540,1),(541,1),(542,1),(543,1),(544,1),(545,1),(546,1),(547,1),(548,1),(549,1),(550,1),(551,1),(552,1),(553,1),(554,1),(555,0),(556,1),(557,1),(558,1),(559,1),(560,1),(561,1),(562,1),(563,1),(564,1),(565,1),(566,1),(567,1),(568,1),(569,1),(570,1),(571,1),(572,1),(573,1),(574,1),(575,1),(576,1),(577,1),(578,1),(579,1),(580,1),(581,1),(582,1),(583,1),(584,1),(585,1),(586,1),(587,1),(588,1),(589,1),(590,1),(591,1),(592,1),(593,1),(594,1),(595,1),(596,1),(597,1),(598,1),(599,0),(600,1),(601,1),(602,1),(603,1),(604,1),(605,1),(606,1),(607,1),(608,1),(609,1),(610,1),(611,1),(612,1),(613,1),(614,0),(615,1),(616,1),(617,1),(618,1),(619,1),(620,1),(621,1),(622,1),(623,1),(624,1),(625,1),(626,1),(627,1),(628,1),(629,1),(630,1),(631,1),(632,1),(633,1),(634,1),(635,1),(636,1),(637,1),(638,1),(639,1),(640,1),(641,1),(642,1),(643,1),(644,1),(645,1),(646,1),(647,1),(648,1),(649,1),(650,1),(651,1),(652,1),(653,1),(654,1),(655,1),(656,1),(657,1),(658,1),(659,1),(660,1),(661,1),(662,1),(663,1),(664,1),(665,1),(666,1),(667,1),(668,1),(669,1),(670,1),(671,1),(672,1),(673,1),(674,1),(675,1),(676,1),(677,1),(678,1),(679,1),(680,1),(681,1),(682,1),(683,1),(684,1),(685,1),(686,1),(687,1),(688,1),(689,1),(690,1),(691,1),(692,1),(693,1),(694,1),(695,1),(696,1),(697,1),(698,1),(699,1),(700,1),(701,1),(702,1),(703,1),(704,1),(705,1),(706,1),(707,1),(708,1),(709,1),(710,1),(711,1),(712,1),(713,1),(714,1),(715,1),(716,1),(717,1),(718,1),(719,1),(720,1),(721,1),(722,1),(723,1),(724,1),(725,1),(726,1),(727,1),(728,1),(729,1),(730,1),(731,1),(732,1),(733,1),(734,1),(735,1),(736,1),(737,1),(738,1),(739,1),(740,1),(741,1),(742,1),(743,1),(744,1),(745,1),(746,1),(747,1),(748,1),(749,1),(750,1),(751,1),(752,1),(753,1),(754,1),(755,1),(756,1),(757,1),(758,1),(759,1),(760,1),(761,1),(762,1),(763,1),(764,1),(765,1),(766,1),(767,1),(768,1),(769,1),(770,1),(771,1),(772,1),(773,1),(774,1),(775,1),(776,1),(777,1),(778,1),(779,1),(780,1),(781,1),(782,1),(783,1),(784,1),(785,1),(786,1),(787,1),(788,1),(789,1),(790,1),(791,0),(792,1),(793,1),(794,1),(795,1),(796,1),(797,1),(798,1),(799,1),(800,1),(801,1),(802,1),(803,1),(804,1),(805,1),(806,1),(807,1),(808,1),(809,1),(810,1),(811,1),(812,1),(813,1),(814,1),(815,1),(816,1),(817,1),(818,1),(819,1),(820,1),(821,1),(822,1),(823,1),(824,1),(825,1),(826,1),(827,1),(828,1),(829,1),(830,1),(831,1),(832,1),(833,1),(834,1),(835,1),(836,1),(837,1),(838,1),(839,1),(840,1),(841,1),(842,1),(843,1),(844,1),(845,1),(846,1),(847,1),(848,1),(849,1),(850,1),(851,1),(852,1),(853,1),(854,1),(855,1),(856,1),(857,1),(858,1),(859,1),(860,1),(861,1),(862,1),(863,1),(864,1),(865,1),(866,1),(867,1),(868,1),(869,0),(870,1),(871,1),(872,1),(873,1),(874,1),(875,1),(876,1),(877,1),(878,1),(879,1),(880,1),(881,1),(882,1),(883,1),(884,1),(885,1),(886,1),(887,1),(888,1),(889,1),(890,1),(891,1),(892,1),(893,1),(894,0),(895,1),(896,1),(897,1),(898,1),(899,1),(900,1),(901,1),(902,1),(903,1),(904,1),(905,1),(906,1),(907,1),(908,1),(909,1),(910,1),(911,1),(912,1),(913,1),(914,1),(915,1),(916,1),(917,1),(918,1),(919,1),(920,1),(921,1),(922,1),(923,1),(924,1),(925,1),(926,1),(927,1),(928,1),(929,1),(930,1),(931,1),(932,1),(933,1),(934,1),(935,1),(936,1),(937,1),(938,1),(939,1),(940,1),(941,1),(942,1),(943,1),(944,1),(945,1),(946,1),(947,1),(948,1),(949,1),(950,1),(951,1),(952,1),(953,1),(954,1),(955,1),(956,1),(957,1),(958,1),(959,1),(960,1),(961,1),(962,1),(963,1),(964,1),(965,1),(966,1),(967,1),(968,1),(969,1),(970,1),(971,1),(972,1),(973,1),(974,1),(975,1),(976,1),(977,1),(978,1),(979,1),(980,1),(981,1),(982,1),(983,1),(984,1),(985,1),(986,1),(987,1),(988,1),(989,1),(990,1),(991,1),(992,1),(993,1),(994,1),(995,1),(996,1),(997,1);
/*!40000 ALTER TABLE `Screening` ENABLE KEYS */;
UNLOCK TABLES;

--
-- Table structure for table `Self_Reported_Health`
--

DROP TABLE IF EXISTS `Self_Reported_Health`;
/*!40101 SET @saved_cs_client     = @@character_set_client */;
/*!50503 SET character_set_client = utf8mb4 */;
CREATE TABLE `Self_Reported_Health` (
  `Self_Reported_id` int NOT NULL AUTO_INCREMENT,
  `General_Health` varchar(15) NOT NULL,
  `Mentally_Unhealthy_Days` int NOT NULL,
  `Physically_Unhealthy_Days` int NOT NULL,
  `Difficulty_Walking` tinyint NOT NULL,
  PRIMARY KEY (`Self_Reported_id`)
) ENGINE=InnoDB AUTO_INCREMENT=998 DEFAULT CHARSET=utf8mb3;
/*!40101 SET character_set_client = @saved_cs_client */;

--
-- Dumping data for table `Self_Reported_Health`
--

LOCK TABLES `Self_Reported_Health` WRITE;
/*!40000 ALTER TABLE `Self_Reported_Health` DISABLE KEYS */;
INSERT INTO `Self_Reported_Health` VALUES (1,'5',18,15,1),(2,'3',0,0,0),(3,'5',30,30,1),(4,'2',0,0,0),(5,'2',3,0,0),(6,'2',0,2,0),(7,'3',0,14,0),(8,'3',0,0,1),(9,'5',30,30,1),(10,'2',0,0,0),(11,'3',0,0,0),(12,'3',0,30,1),(13,'3',0,15,0),(14,'4',0,0,1),(15,'4',30,28,0),(16,'2',5,0,0),(17,'3',0,0,0),(18,'2',0,0,0),(19,'2',15,0,0),(20,'2',10,0,0),(21,'3',30,0,1),(22,'5',15,30,1),(23,'3',0,7,0),(24,'1',0,0,0),(25,'3',6,0,1),(26,'2',0,0,0),(27,'5',0,0,1),(28,'4',0,0,0),(29,'4',20,20,1),(30,'1',0,0,0),(31,'4',0,7,1),(32,'1',0,0,1),(33,'1',2,0,0),(34,'3',0,0,0),(35,'2',0,0,0),(36,'2',0,0,0),(37,'3',5,3,1),(38,'2',0,10,0),(39,'1',0,1,0),(40,'5',0,30,0),(41,'2',0,1,0),(42,'3',0,5,0),(43,'4',15,30,1),(44,'2',25,0,0),(45,'2',0,0,0),(46,'3',30,0,0),(47,'2',5,0,0),(48,'2',1,0,0),(49,'3',30,2,1),(50,'3',0,30,1),(51,'4',10,17,1),(52,'3',0,0,0),(53,'5',0,30,1),(54,'2',0,0,0),(55,'2',4,0,0),(56,'1',0,10,0),(57,'2',0,5,0),(58,'1',0,0,0),(59,'3',1,0,0),(60,'2',0,0,0),(61,'3',0,0,0),(62,'4',0,5,1),(63,'3',0,0,0),(64,'3',5,1,0),(65,'4',30,30,1),(66,'4',10,5,1),(67,'3',0,0,0),(68,'3',0,7,1),(69,'3',0,0,1),(70,'1',2,0,0),(71,'2',0,0,0),(72,'2',4,2,0),(73,'3',0,0,0),(74,'1',0,0,0),(75,'2',0,0,0),(76,'2',0,4,0),(77,'2',0,0,0),(78,'4',0,10,1),(79,'3',4,0,0),(80,'2',0,0,0),(81,'2',0,0,0),(82,'3',3,0,0),(83,'3',0,0,1),(84,'1',0,0,1),(85,'1',0,1,0),(86,'4',2,30,1),(87,'3',7,2,0),(88,'3',1,1,0),(89,'3',10,0,0),(90,'3',0,0,0),(91,'4',5,15,0),(92,'1',5,0,0),(93,'3',0,0,0),(94,'4',30,10,1),(95,'1',0,0,0),(96,'5',15,30,1),(97,'4',0,3,0),(98,'3',0,0,0),(99,'2',0,0,1),(100,'2',2,3,0),(101,'3',0,0,0),(102,'3',0,0,0),(103,'3',0,0,0),(104,'2',0,0,0),(105,'3',0,0,0),(106,'3',0,30,0),(107,'3',30,0,0),(108,'3',0,0,0),(109,'3',0,10,0),(110,'5',0,15,1),(111,'2',30,19,0),(112,'5',0,20,1),(113,'3',0,0,0),(114,'3',0,0,0),(115,'2',1,0,0),(116,'3',30,30,1),(117,'1',0,0,0),(118,'1',2,0,0),(119,'2',20,4,0),(120,'1',0,0,0),(121,'3',0,0,0),(122,'4',0,10,0),(123,'4',15,7,1),(124,'2',0,7,0),(125,'3',0,0,1),(126,'3',10,0,0),(127,'4',0,30,1),(128,'4',3,3,0),(129,'3',0,1,0),(130,'5',0,30,1),(131,'1',0,0,0),(132,'2',15,0,0),(133,'5',0,20,1),(134,'5',30,30,0),(135,'3',0,5,0),(136,'4',10,15,0),(137,'1',0,0,0),(138,'3',0,0,0),(139,'2',0,0,0),(140,'4',1,6,1),(141,'3',10,6,0),(142,'5',8,10,1),(143,'3',0,0,0),(144,'2',0,0,0),(145,'3',0,0,0),(146,'3',0,0,0),(147,'4',15,3,1),(148,'2',0,0,0),(149,'3',5,0,0),(150,'2',0,0,0),(151,'4',2,3,0),(152,'2',0,0,0),(153,'2',0,0,0),(154,'5',3,30,1),(155,'2',21,0,1),(156,'1',0,0,0),(157,'3',0,0,1),(158,'3',0,0,0),(159,'3',14,14,0),(160,'3',0,2,0),(161,'3',0,2,0),(162,'2',0,0,0),(163,'3',4,1,1),(164,'4',2,2,0),(165,'3',0,0,0),(166,'3',0,5,1),(167,'3',3,15,1),(168,'2',0,0,1),(169,'2',0,0,0),(170,'2',0,0,1),(171,'2',0,0,0),(172,'4',0,30,1),(173,'3',26,4,0),(174,'3',0,2,0),(175,'5',0,30,1),(176,'4',2,2,0),(177,'4',0,15,1),(178,'3',0,0,1),(179,'3',0,4,0),(180,'2',0,6,0),(181,'2',3,5,0),(182,'5',0,30,1),(183,'1',1,0,0),(184,'3',0,0,0),(185,'4',30,0,0),(186,'1',2,0,0),(187,'3',0,0,0),(188,'5',0,5,1),(189,'4',0,7,1),(190,'2',0,0,0),(191,'4',0,1,1),(192,'4',1,30,0),(193,'2',0,0,0),(194,'2',0,0,0),(195,'4',0,2,0),(196,'3',0,0,0),(197,'3',0,0,0),(198,'4',15,15,0),(199,'2',4,1,0),(200,'2',0,0,0),(201,'2',5,2,0),(202,'4',0,15,0),(203,'1',4,0,0),(204,'3',15,1,0),(205,'3',0,0,0),(206,'1',0,0,0),(207,'3',0,2,0),(208,'2',0,2,0),(209,'2',2,1,0),(210,'1',0,0,0),(211,'3',4,2,0),(212,'3',0,0,1),(213,'3',7,2,0),(214,'5',30,7,0),(215,'2',0,0,0),(216,'1',1,0,0),(217,'3',0,2,0),(218,'4',0,0,0),(219,'4',7,12,1),(220,'3',0,0,0),(221,'2',0,0,0),(222,'4',30,0,1),(223,'3',0,30,1),(224,'3',0,0,0),(225,'2',15,1,0),(226,'1',0,14,0),(227,'3',0,0,0),(228,'2',0,0,0),(229,'2',5,0,0),(230,'4',5,0,0),(231,'4',10,30,1),(232,'2',0,0,0),(233,'1',1,0,0),(234,'3',20,5,1),(235,'2',0,0,0),(236,'5',15,30,1),(237,'5',30,30,1),(238,'2',0,0,0),(239,'3',0,28,1),(240,'2',0,0,0),(241,'3',10,2,0),(242,'2',0,0,0),(243,'1',0,0,0),(244,'1',0,0,0),(245,'3',0,0,0),(246,'3',0,0,0),(247,'2',0,0,0),(248,'2',0,0,0),(249,'1',0,0,0),(250,'4',0,0,0),(251,'2',0,0,0),(252,'5',5,3,1),(253,'2',0,0,0),(254,'3',0,0,0),(255,'2',0,0,0),(256,'3',0,30,0),(257,'3',2,0,0),(258,'3',7,30,1),(259,'3',20,15,0),(260,'3',0,0,0),(261,'2',0,14,0),(262,'2',0,0,0),(263,'2',0,2,0),(264,'5',30,30,1),(265,'1',0,0,0),(266,'3',0,2,1),(267,'4',0,0,1),(268,'3',0,0,0),(269,'4',0,0,0),(270,'3',0,0,1),(271,'1',0,0,0),(272,'1',3,0,0),(273,'1',0,0,0),(274,'3',0,2,0),(275,'4',10,15,1),(276,'5',0,30,1),(277,'2',0,0,0),(278,'3',0,0,0),(279,'1',4,0,0),(280,'4',14,2,0),(281,'3',0,0,0),(282,'4',0,28,0),(283,'2',4,2,0),(284,'4',0,10,1),(285,'4',0,7,1),(286,'2',0,0,0),(287,'2',0,0,0),(288,'3',0,0,0),(289,'3',0,3,0),(290,'2',0,0,1),(291,'1',0,0,0),(292,'4',3,0,1),(293,'5',10,10,0),(294,'3',10,25,0),(295,'5',5,10,1),(296,'4',0,5,1),(297,'3',20,7,0),(298,'3',0,0,0),(299,'3',0,0,0),(300,'2',0,0,0),(301,'1',0,0,0),(302,'2',0,0,0),(303,'4',10,0,0),(304,'3',0,0,0),(305,'3',0,2,1),(306,'3',3,0,0),(307,'3',0,2,0),(308,'3',7,0,1),(309,'5',0,30,0),(310,'3',0,0,0),(311,'5',10,15,1),(312,'4',3,20,0),(313,'2',0,0,0),(314,'3',0,0,0),(315,'3',0,0,0),(316,'4',0,14,0),(317,'3',7,0,1),(318,'3',0,0,1),(319,'2',0,0,0),(320,'2',0,3,0),(321,'3',0,2,0),(322,'4',10,15,1),(323,'5',0,27,1),(324,'3',21,30,1),(325,'5',15,30,1),(326,'2',30,30,0),(327,'3',0,0,1),(328,'2',0,0,0),(329,'1',0,0,0),(330,'1',0,0,0),(331,'4',20,7,0),(332,'4',3,6,1),(333,'3',0,0,1),(334,'3',15,0,0),(335,'2',0,0,0),(336,'3',0,0,0),(337,'2',0,1,0),(338,'5',15,7,0),(339,'2',0,0,0),(340,'5',0,30,1),(341,'3',0,0,1),(342,'3',0,0,0),(343,'2',15,5,0),(344,'1',0,1,0),(345,'4',30,21,1),(346,'3',3,0,0),(347,'5',30,30,1),(348,'2',5,10,0),(349,'3',0,0,0),(350,'3',14,30,1),(351,'3',0,7,0),(352,'1',0,0,1),(353,'4',29,22,1),(354,'1',0,0,1),(355,'4',0,4,0),(356,'4',0,0,0),(357,'3',0,0,1),(358,'4',0,5,1),(359,'5',0,30,1),(360,'2',0,1,0),(361,'3',30,15,1),(362,'5',20,20,1),(363,'2',0,0,0),(364,'4',5,15,1),(365,'3',0,0,0),(366,'1',0,0,0),(367,'3',0,0,1),(368,'4',0,30,0),(369,'3',0,0,1),(370,'4',16,8,0),(371,'2',0,0,0),(372,'3',4,20,0),(373,'3',0,0,0),(374,'2',0,1,0),(375,'4',0,10,0),(376,'4',0,2,1),(377,'2',0,0,0),(378,'3',0,10,0),(379,'3',0,0,0),(380,'5',25,30,1),(381,'3',7,0,0),(382,'3',0,0,0),(383,'4',0,29,1),(384,'2',0,0,0),(385,'3',0,7,1),(386,'1',10,0,0),(387,'1',0,1,0),(388,'2',0,0,0),(389,'4',3,30,1),(390,'4',0,0,0),(391,'3',0,15,1),(392,'2',0,0,0),(393,'4',25,30,1),(394,'4',5,2,0),(395,'3',0,0,0),(396,'4',0,0,1),(397,'3',0,14,0),(398,'2',30,0,0),(399,'3',0,0,0),(400,'3',5,10,0),(401,'5',28,24,1),(402,'3',0,0,0),(403,'5',0,30,1),(404,'4',0,0,1),(405,'2',0,0,0),(406,'4',5,7,1),(407,'4',2,0,0),(408,'2',0,0,0),(409,'2',2,2,0),(410,'3',0,0,0),(411,'5',30,30,1),(412,'4',4,0,1),(413,'4',0,30,0),(414,'4',5,30,1),(415,'4',0,0,1),(416,'4',2,30,1),(417,'4',0,3,0),(418,'3',10,15,1),(419,'5',25,30,1),(420,'4',30,0,0),(421,'4',2,6,1),(422,'4',0,14,1),(423,'3',0,0,0),(424,'2',0,0,0),(425,'1',0,0,0),(426,'3',0,0,0),(427,'5',3,5,1),(428,'2',0,0,0),(429,'4',0,0,0),(430,'3',4,1,0),(431,'3',7,7,1),(432,'2',2,3,0),(433,'3',6,0,0),(434,'1',0,0,0),(435,'4',30,30,1),(436,'3',0,0,0),(437,'2',30,0,0),(438,'3',30,30,0),(439,'2',0,0,0),(440,'1',0,0,0),(441,'1',0,0,0),(442,'3',20,1,0),(443,'4',2,20,1),(444,'2',0,3,0),(445,'2',0,0,0),(446,'2',0,7,0),(447,'4',0,0,0),(448,'2',0,0,0),(449,'2',0,0,0),(450,'2',0,0,0),(451,'2',5,3,0),(452,'5',25,30,1),(453,'3',5,0,0),(454,'2',1,0,0),(455,'2',0,0,0),(456,'4',3,30,0),(457,'3',0,3,1),(458,'3',0,14,0),(459,'3',5,30,1),(460,'4',0,0,0),(461,'4',0,0,0),(462,'2',0,1,0),(463,'2',0,0,0),(464,'2',0,0,0),(465,'5',4,30,1),(466,'4',5,5,0),(467,'4',10,30,1),(468,'2',0,0,0),(469,'4',30,30,0),(470,'2',2,0,0),(471,'4',11,20,1),(472,'3',0,0,0),(473,'2',0,0,0),(474,'1',0,0,0),(475,'4',10,7,0),(476,'2',4,2,0),(477,'2',0,0,0),(478,'2',0,0,0),(479,'5',7,30,1),(480,'2',0,3,0),(481,'1',30,0,0),(482,'4',0,30,1),(483,'3',0,7,0),(484,'2',1,7,0),(485,'3',10,0,0),(486,'3',0,0,0),(487,'3',0,7,1),(488,'3',0,25,1),(489,'3',0,0,0),(490,'2',0,0,0),(491,'4',15,8,1),(492,'2',0,0,0),(493,'1',0,0,0),(494,'2',0,0,0),(495,'1',0,0,0),(496,'4',0,0,1),(497,'2',0,0,0),(498,'4',5,10,0),(499,'2',0,0,0),(500,'4',0,30,0),(501,'3',3,3,0),(502,'3',0,10,1),(503,'5',20,30,1),(504,'4',0,15,1),(505,'2',0,0,0),(506,'3',0,3,1),(507,'4',0,0,1),(508,'2',2,0,1),(509,'4',0,0,1),(510,'2',0,0,0),(511,'3',0,0,0),(512,'2',0,2,0),(513,'1',0,0,0),(514,'3',0,0,1),(515,'2',0,0,0),(516,'4',2,5,1),(517,'2',0,0,0),(518,'3',14,0,0),(519,'5',25,0,0),(520,'2',0,0,0),(521,'1',0,0,0),(522,'2',0,0,1),(523,'4',15,10,1),(524,'3',0,10,1),(525,'1',0,0,0),(526,'3',0,5,1),(527,'3',0,0,0),(528,'3',30,0,0),(529,'3',7,2,0),(530,'2',0,0,0),(531,'5',0,30,1),(532,'2',0,0,0),(533,'5',15,30,1),(534,'2',0,2,0),(535,'3',0,0,0),(536,'1',0,0,0),(537,'2',2,0,0),(538,'5',30,30,1),(539,'3',0,7,0),(540,'5',15,20,1),(541,'4',30,0,0),(542,'3',30,10,1),(543,'3',0,2,1),(544,'2',0,0,0),(545,'5',0,30,1),(546,'3',0,0,0),(547,'2',0,0,0),(548,'3',0,0,0),(549,'2',10,0,0),(550,'3',0,30,1),(551,'3',0,0,0),(552,'2',0,0,0),(553,'2',0,0,1),(554,'3',0,0,0),(555,'1',0,0,0),(556,'3',0,2,0),(557,'5',30,20,1),(558,'3',30,10,1),(559,'1',0,0,0),(560,'5',10,15,1),(561,'4',0,30,1),(562,'4',15,12,1),(563,'3',0,0,0),(564,'3',0,0,1),(565,'3',0,0,0),(566,'4',5,9,1),(567,'2',0,0,0),(568,'3',0,0,0),(569,'3',0,0,0),(570,'3',30,3,1),(571,'3',0,0,1),(572,'3',0,0,0),(573,'2',0,0,0),(574,'3',1,2,0),(575,'3',1,0,0),(576,'2',0,3,0),(577,'2',0,0,0),(578,'1',0,0,0),(579,'2',0,2,0),(580,'2',0,0,0),(581,'4',0,30,0),(582,'2',2,1,0),(583,'5',0,30,1),(584,'3',0,1,1),(585,'3',30,0,0),(586,'2',0,0,0),(587,'3',0,0,0),(588,'2',0,0,0),(589,'5',2,30,1),(590,'3',0,0,0),(591,'3',30,0,0),(592,'1',3,0,0),(593,'3',0,0,0),(594,'2',0,0,0),(595,'3',0,30,1),(596,'2',0,0,0),(597,'3',0,2,0),(598,'4',0,4,0),(599,'3',0,0,0),(600,'2',0,0,0),(601,'1',0,0,1),(602,'5',0,30,1),(603,'3',1,0,1),(604,'4',30,15,1),(605,'5',0,30,1),(606,'2',0,0,0),(607,'5',30,30,1),(608,'3',7,0,1),(609,'2',0,0,0),(610,'3',0,1,0),(611,'2',0,6,1),(612,'2',0,0,0),(613,'3',10,0,1),(614,'2',30,0,0),(615,'1',0,0,0),(616,'2',0,0,0),(617,'3',0,0,0),(618,'4',0,30,1),(619,'5',30,30,1),(620,'3',0,2,0),(621,'3',0,0,0),(622,'3',0,0,1),(623,'3',0,0,0),(624,'3',0,10,0),(625,'1',0,0,0),(626,'3',0,0,1),(627,'1',0,0,0),(628,'2',20,0,0),(629,'3',0,1,0),(630,'2',0,7,1),(631,'2',2,10,0),(632,'3',10,0,1),(633,'2',0,5,1),(634,'1',3,3,0),(635,'4',0,0,1),(636,'4',21,21,1),(637,'4',0,3,0),(638,'3',0,0,1),(639,'1',0,0,0),(640,'3',0,0,0),(641,'2',0,0,0),(642,'2',0,0,0),(643,'3',0,14,1),(644,'3',1,0,0),(645,'4',0,5,0),(646,'4',0,0,0),(647,'4',30,30,1),(648,'3',0,0,0),(649,'2',0,0,0),(650,'2',0,0,0),(651,'3',0,30,0),(652,'2',0,1,0),(653,'4',15,30,0),(654,'1',0,0,0),(655,'4',20,30,1),(656,'4',0,3,0),(657,'2',0,0,0),(658,'4',7,15,1),(659,'2',3,8,0),(660,'5',0,20,0),(661,'4',0,4,1),(662,'3',0,5,0),(663,'2',0,0,0),(664,'2',3,0,0),(665,'2',0,10,0),(666,'1',0,0,0),(667,'3',1,2,0),(668,'3',0,2,0),(669,'4',0,0,1),(670,'1',0,0,0),(671,'3',0,0,0),(672,'4',0,4,1),(673,'2',0,30,0),(674,'1',0,0,0),(675,'2',0,1,0),(676,'4',30,3,1),(677,'3',0,4,0),(678,'2',0,0,0),(679,'3',0,0,0),(680,'3',1,2,1),(681,'1',0,2,0),(682,'2',0,0,1),(683,'5',10,30,0),(684,'2',4,0,0),(685,'3',0,0,0),(686,'3',15,0,0),(687,'3',30,10,1),(688,'2',0,0,0),(689,'3',0,0,0),(690,'2',0,0,0),(691,'3',0,0,0),(692,'1',0,0,0),(693,'2',3,0,0),(694,'5',10,4,1),(695,'3',30,0,0),(696,'3',0,0,1),(697,'2',0,0,0),(698,'1',0,0,0),(699,'5',0,25,1),(700,'4',30,15,1),(701,'2',29,0,0),(702,'3',10,10,1),(703,'5',30,30,1),(704,'2',2,0,0),(705,'2',0,0,0),(706,'2',15,0,0),(707,'4',0,2,1),(708,'3',0,0,0),(709,'1',0,0,0),(710,'4',5,5,1),(711,'4',0,0,1),(712,'3',0,0,0),(713,'3',0,0,0),(714,'4',0,0,0),(715,'3',3,10,0),(716,'2',0,0,0),(717,'4',0,15,1),(718,'3',0,10,0),(719,'4',0,0,0),(720,'3',0,0,0),(721,'2',0,0,0),(722,'3',0,0,1),(723,'3',0,0,0),(724,'4',30,0,1),(725,'1',0,0,0),(726,'2',5,2,0),(727,'3',0,0,0),(728,'2',0,0,1),(729,'2',0,1,0),(730,'3',0,0,0),(731,'3',0,0,0),(732,'2',4,0,0),(733,'2',0,3,0),(734,'2',2,0,0),(735,'1',0,0,0),(736,'2',0,0,0),(737,'2',3,3,1),(738,'2',0,0,0),(739,'3',0,0,0),(740,'3',15,0,1),(741,'1',30,30,1),(742,'1',0,0,0),(743,'2',28,0,0),(744,'4',20,30,1),(745,'2',7,0,0),(746,'2',0,15,0),(747,'3',0,0,0),(748,'1',0,0,0),(749,'3',10,10,0),(750,'4',4,30,1),(751,'2',1,0,0),(752,'4',0,30,1),(753,'3',0,10,1),(754,'2',0,0,0),(755,'5',30,30,0),(756,'3',0,0,0),(757,'4',0,10,1),(758,'3',0,0,0),(759,'3',0,2,1),(760,'2',5,2,0),(761,'5',10,30,0),(762,'2',0,7,0),(763,'2',0,0,0),(764,'2',0,1,0),(765,'3',0,0,1),(766,'3',0,0,0),(767,'3',0,0,0),(768,'3',1,0,0),(769,'1',0,0,0),(770,'3',1,0,0),(771,'2',10,0,0),(772,'3',0,30,0),(773,'4',5,30,1),(774,'2',4,3,0),(775,'5',0,30,1),(776,'2',0,0,0),(777,'2',0,0,0),(778,'3',0,0,1),(779,'3',0,0,0),(780,'4',5,8,0),(781,'2',0,0,0),(782,'4',10,10,0),(783,'5',25,28,1),(784,'2',0,0,0),(785,'5',0,30,1),(786,'2',0,0,0),(787,'3',0,0,0),(788,'3',0,0,0),(789,'4',0,25,1),(790,'5',2,2,1),(791,'2',0,0,0),(792,'3',0,14,1),(793,'5',0,30,1),(794,'2',0,0,0),(795,'2',0,0,0),(796,'2',0,0,0),(797,'3',4,2,1),(798,'5',0,30,1),(799,'1',0,0,0),(800,'2',0,0,1),(801,'3',0,0,0),(802,'4',0,0,0),(803,'4',0,0,0),(804,'4',0,0,0),(805,'1',0,0,0),(806,'3',3,2,0),(807,'3',0,0,0),(808,'5',30,30,0),(809,'3',0,2,0),(810,'1',0,30,1),(811,'3',0,0,1),(812,'1',0,0,1),(813,'3',30,20,1),(814,'3',0,0,1),(815,'1',0,21,0),(816,'3',0,1,1),(817,'5',0,20,1),(818,'4',1,4,1),(819,'2',5,0,0),(820,'3',0,4,0),(821,'1',0,0,0),(822,'2',0,0,0),(823,'2',0,0,0),(824,'1',0,0,0),(825,'3',0,0,0),(826,'2',0,0,0),(827,'4',15,8,0),(828,'4',30,5,0),(829,'3',0,0,0),(830,'3',2,3,0),(831,'1',0,0,0),(832,'3',2,6,1),(833,'5',0,30,0),(834,'1',0,0,0),(835,'4',0,2,0),(836,'4',0,0,0),(837,'3',0,0,0),(838,'4',10,0,0),(839,'3',1,4,1),(840,'2',0,0,0),(841,'2',0,0,0),(842,'3',2,12,0),(843,'2',10,0,0),(844,'3',7,0,0),(845,'3',30,0,1),(846,'2',10,0,1),(847,'1',0,0,0),(848,'4',25,5,1),(849,'4',0,2,1),(850,'3',0,0,0),(851,'4',3,0,0),(852,'3',0,4,1),(853,'3',1,14,1),(854,'3',25,0,0),(855,'2',0,0,0),(856,'2',2,0,0),(857,'3',6,0,0),(858,'3',0,5,0),(859,'2',0,0,0),(860,'4',0,30,1),(861,'3',0,5,1),(862,'4',2,5,0),(863,'2',0,0,1),(864,'4',2,0,0),(865,'3',0,0,0),(866,'3',0,0,0),(867,'3',0,0,0),(868,'5',0,0,1),(869,'2',0,0,0),(870,'2',0,0,0),(871,'3',0,0,0),(872,'2',0,2,0),(873,'1',0,7,0),(874,'3',0,0,0),(875,'1',10,0,0),(876,'2',0,0,0),(877,'3',0,0,0),(878,'3',0,0,0),(879,'2',0,0,0),(880,'3',0,0,0),(881,'2',0,2,0),(882,'3',0,4,0),(883,'4',3,2,1),(884,'3',14,10,0),(885,'3',0,0,0),(886,'3',0,0,0),(887,'4',30,30,1),(888,'2',0,2,0),(889,'3',1,0,0),(890,'3',2,0,0),(891,'3',0,2,0),(892,'2',15,7,0),(893,'2',0,0,0),(894,'4',0,0,0),(895,'3',0,0,1),(896,'1',0,0,1),(897,'2',0,0,0),(898,'4',0,15,1),(899,'3',0,0,0),(900,'3',0,0,0),(901,'3',10,0,0),(902,'4',20,20,1),(903,'2',0,0,0),(904,'2',0,1,0),(905,'2',10,0,0),(906,'3',0,0,0),(907,'4',0,14,1),(908,'4',0,10,1),(909,'4',30,30,0),(910,'3',0,30,1),(911,'3',5,1,0),(912,'3',3,0,0),(913,'3',0,4,0),(914,'3',0,0,0),(915,'3',0,30,1),(916,'1',0,3,0),(917,'3',0,0,1),(918,'2',0,0,0),(919,'2',2,0,0),(920,'2',0,0,1),(921,'5',10,20,1),(922,'2',0,0,0),(923,'3',10,0,0),(924,'3',3,0,0),(925,'1',0,5,0),(926,'4',0,21,1),(927,'4',14,0,0),(928,'5',0,30,1),(929,'2',0,0,0),(930,'3',0,0,0),(931,'3',5,0,0),(932,'5',20,15,1),(933,'2',15,0,1),(934,'2',0,2,0),(935,'3',0,0,0),(936,'3',0,0,1),(937,'5',0,15,1),(938,'4',2,30,1),(939,'4',3,2,1),(940,'3',5,3,1),(941,'3',0,0,0),(942,'3',0,0,0),(943,'4',0,7,1),(944,'4',0,0,0),(945,'5',20,20,0),(946,'4',0,0,0),(947,'4',0,0,0),(948,'3',0,0,0),(949,'1',5,0,0),(950,'4',0,30,1),(951,'5',3,30,1),(952,'5',30,30,1),(953,'4',30,0,1),(954,'1',0,0,0),(955,'3',3,1,0),(956,'3',0,5,0),(957,'2',0,0,0),(958,'2',2,0,0),(959,'3',0,0,0),(960,'4',30,7,1),(961,'1',0,0,0),(962,'1',0,0,0),(963,'3',0,0,0),(964,'2',0,0,0),(965,'3',0,10,0),(966,'3',0,0,0),(967,'2',0,0,1),(968,'2',0,4,0),(969,'2',0,0,0),(970,'5',0,30,1),(971,'5',30,30,1),(972,'4',0,5,0),(973,'5',0,10,0),(974,'1',0,0,0),(975,'3',0,0,0),(976,'4',3,2,0),(977,'3',0,0,0),(978,'2',0,0,0),(979,'3',0,1,0),(980,'4',21,14,1),(981,'5',0,0,0),(982,'2',7,0,0),(983,'4',0,0,0),(984,'2',0,0,0),(985,'2',0,5,0),(986,'5',21,30,1),(987,'4',0,7,1),(988,'4',15,0,1),(989,'3',0,0,0),(990,'4',3,20,1),(991,'4',0,0,0),(992,'3',0,0,0),(993,'3',0,0,0),(994,'2',10,0,0),(995,'4',0,3,1),(996,'2',0,0,0),(997,'1',0,6,0);
/*!40000 ALTER TABLE `Self_Reported_Health` ENABLE KEYS */;
UNLOCK TABLES;

--
-- Table structure for table `Vitals`
--

DROP TABLE IF EXISTS `Vitals`;
/*!40101 SET @saved_cs_client     = @@character_set_client */;
/*!50503 SET character_set_client = utf8mb4 */;
CREATE TABLE `Vitals` (
  `Vitals_id` int NOT NULL AUTO_INCREMENT,
  `Body_Mass_Index` int NOT NULL,
  PRIMARY KEY (`Vitals_id`)
) ENGINE=InnoDB AUTO_INCREMENT=998 DEFAULT CHARSET=utf8mb3;
/*!40101 SET character_set_client = @saved_cs_client */;

--
-- Dumping data for table `Vitals`
--

LOCK TABLES `Vitals` WRITE;
/*!40000 ALTER TABLE `Vitals` DISABLE KEYS */;
INSERT INTO `Vitals` VALUES (1,40),(2,25),(3,28),(4,27),(5,24),(6,25),(7,30),(8,25),(9,30),(10,24),(11,25),(12,34),(13,26),(14,28),(15,33),(16,33),(17,21),(18,23),(19,23),(20,28),(21,22),(22,38),(23,28),(24,27),(25,28),(26,32),(27,37),(28,28),(29,27),(30,31),(31,34),(32,33),(33,23),(34,31),(35,24),(36,26),(37,24),(38,22),(39,26),(40,24),(41,26),(42,31),(43,28),(44,23),(45,31),(46,21),(47,31),(48,25),(49,37),(50,33),(51,30),(52,22),(53,27),(54,31),(55,34),(56,29),(57,26),(58,24),(59,33),(60,20),(61,27),(62,27),(63,34),(64,30),(65,27),(66,38),(67,28),(68,25),(69,21),(70,23),(71,27),(72,27),(73,32),(74,23),(75,27),(76,31),(77,35),(78,28),(79,26),(80,28),(81,28),(82,33),(83,23),(84,32),(85,27),(86,45),(87,22),(88,39),(89,30),(90,31),(91,32),(92,22),(93,29),(94,29),(95,31),(96,25),(97,32),(98,45),(99,28),(100,35),(101,27),(102,19),(103,23),(104,30),(105,29),(106,30),(107,22),(108,32),(109,28),(110,33),(111,25),(112,26),(113,30),(114,27),(115,26),(116,28),(117,24),(118,27),(119,35),(120,23),(121,40),(122,29),(123,30),(124,31),(125,39),(126,24),(127,25),(128,22),(129,35),(130,29),(131,31),(132,24),(133,32),(134,19),(135,23),(136,22),(137,28),(138,24),(139,27),(140,31),(141,23),(142,28),(143,26),(144,28),(145,29),(146,24),(147,39),(148,34),(149,27),(150,22),(151,29),(152,33),(153,26),(154,33),(155,25),(156,23),(157,47),(158,21),(159,27),(160,18),(161,34),(162,22),(163,37),(164,40),(165,24),(166,34),(167,29),(168,37),(169,18),(170,30),(171,29),(172,28),(173,36),(174,25),(175,29),(176,29),(177,32),(178,37),(179,29),(180,30),(181,21),(182,34),(183,28),(184,26),(185,37),(186,28),(187,38),(188,29),(189,43),(190,23),(191,35),(192,24),(193,23),(194,34),(195,33),(196,28),(197,29),(198,29),(199,27),(200,21),(201,28),(202,55),(203,22),(204,49),(205,28),(206,27),(207,27),(208,26),(209,23),(210,30),(211,31),(212,34),(213,24),(214,18),(215,18),(216,30),(217,42),(218,28),(219,31),(220,30),(221,22),(222,17),(223,31),(224,31),(225,22),(226,40),(227,24),(228,30),(229,33),(230,28),(231,24),(232,28),(233,24),(234,26),(235,32),(236,38),(237,33),(238,24),(239,32),(240,25),(241,30),(242,26),(243,21),(244,34),(245,21),(246,36),(247,32),(248,24),(249,23),(250,26),(251,23),(252,21),(253,23),(254,23),(255,23),(256,27),(257,23),(258,20),(259,29),(260,34),(261,27),(262,28),(263,33),(264,24),(265,24),(266,36),(267,28),(268,16),(269,31),(270,27),(271,41),(272,22),(273,21),(274,34),(275,37),(276,32),(277,26),(278,39),(279,28),(280,26),(281,20),(282,31),(283,32),(284,20),(285,36),(286,29),(287,31),(288,32),(289,30),(290,30),(291,22),(292,21),(293,28),(294,29),(295,45),(296,25),(297,24),(298,23),(299,26),(300,30),(301,25),(302,27),(303,25),(304,24),(305,21),(306,31),(307,30),(308,27),(309,25),(310,30),(311,32),(312,24),(313,32),(314,33),(315,23),(316,27),(317,34),(318,26),(319,22),(320,31),(321,23),(322,45),(323,37),(324,27),(325,31),(326,35),(327,27),(328,31),(329,38),(330,23),(331,26),(332,25),(333,43),(334,26),(335,33),(336,37),(337,32),(338,29),(339,25),(340,31),(341,31),(342,24),(343,23),(344,19),(345,32),(346,24),(347,32),(348,21),(349,30),(350,30),(351,26),(352,18),(353,30),(354,38),(355,20),(356,42),(357,23),(358,26),(359,29),(360,27),(361,26),(362,47),(363,26),(364,25),(365,31),(366,32),(367,33),(368,24),(369,31),(370,44),(371,32),(372,36),(373,25),(374,29),(375,43),(376,36),(377,25),(378,30),(379,22),(380,26),(381,36),(382,26),(383,24),(384,39),(385,30),(386,24),(387,26),(388,27),(389,34),(390,43),(391,30),(392,33),(393,25),(394,24),(395,20),(396,40),(397,35),(398,22),(399,32),(400,31),(401,28),(402,32),(403,28),(404,40),(405,23),(406,29),(407,34),(408,30),(409,30),(410,26),(411,36),(412,35),(413,36),(414,24),(415,22),(416,34),(417,25),(418,49),(419,28),(420,29),(421,23),(422,35),(423,26),(424,27),(425,20),(426,34),(427,43),(428,27),(429,39),(430,36),(431,18),(432,39),(433,32),(434,29),(435,36),(436,29),(437,24),(438,32),(439,23),(440,24),(441,17),(442,26),(443,28),(444,21),(445,29),(446,25),(447,27),(448,24),(449,27),(450,28),(451,30),(452,32),(453,39),(454,27),(455,31),(456,36),(457,33),(458,35),(459,24),(460,18),(461,24),(462,28),(463,23),(464,27),(465,42),(466,30),(467,33),(468,23),(469,29),(470,31),(471,33),(472,40),(473,27),(474,27),(475,19),(476,26),(477,32),(478,23),(479,42),(480,21),(481,27),(482,30),(483,31),(484,23),(485,28),(486,18),(487,31),(488,32),(489,22),(490,29),(491,37),(492,20),(493,26),(494,24),(495,29),(496,29),(497,34),(498,35),(499,25),(500,31),(501,20),(502,33),(503,25),(504,24),(505,28),(506,39),(507,23),(508,23),(509,36),(510,24),(511,28),(512,23),(513,21),(514,23),(515,30),(516,35),(517,30),(518,24),(519,29),(520,21),(521,22),(522,33),(523,27),(524,23),(525,25),(526,25),(527,27),(528,30),(529,47),(530,26),(531,35),(532,22),(533,43),(534,29),(535,36),(536,26),(537,26),(538,28),(539,36),(540,25),(541,35),(542,32),(543,36),(544,30),(545,31),(546,31),(547,25),(548,27),(549,32),(550,42),(551,26),(552,24),(553,30),(554,29),(555,24),(556,25),(557,42),(558,32),(559,19),(560,43),(561,29),(562,30),(563,25),(564,30),(565,32),(566,26),(567,29),(568,22),(569,32),(570,32),(571,36),(572,29),(573,29),(574,31),(575,26),(576,30),(577,30),(578,26),(579,23),(580,39),(581,25),(582,28),(583,20),(584,29),(585,42),(586,31),(587,27),(588,24),(589,39),(590,32),(591,38),(592,27),(593,33),(594,29),(595,27),(596,27),(597,34),(598,22),(599,20),(600,26),(601,25),(602,29),(603,39),(604,24),(605,33),(606,25),(607,27),(608,30),(609,26),(610,34),(611,32),(612,30),(613,28),(614,32),(615,45),(616,31),(617,41),(618,31),(619,32),(620,27),(621,24),(622,37),(623,27),(624,32),(625,26),(626,38),(627,33),(628,23),(629,32),(630,25),(631,22),(632,34),(633,30),(634,29),(635,41),(636,32),(637,29),(638,25),(639,25),(640,25),(641,35),(642,35),(643,24),(644,33),(645,28),(646,26),(647,28),(648,30),(649,26),(650,27),(651,28),(652,29),(653,29),(654,23),(655,25),(656,36),(657,28),(658,42),(659,50),(660,24),(661,28),(662,21),(663,26),(664,39),(665,31),(666,23),(667,21),(668,25),(669,24),(670,27),(671,59),(672,35),(673,17),(674,36),(675,29),(676,30),(677,23),(678,29),(679,26),(680,44),(681,31),(682,29),(683,26),(684,25),(685,22),(686,32),(687,43),(688,24),(689,35),(690,31),(691,27),(692,25),(693,31),(694,26),(695,28),(696,28),(697,22),(698,42),(699,32),(700,22),(701,27),(702,25),(703,26),(704,34),(705,21),(706,33),(707,38),(708,31),(709,32),(710,27),(711,27),(712,35),(713,26),(714,27),(715,20),(716,26),(717,24),(718,21),(719,22),(720,34),(721,31),(722,32),(723,37),(724,30),(725,24),(726,23),(727,35),(728,25),(729,23),(730,25),(731,24),(732,30),(733,33),(734,26),(735,25),(736,34),(737,50),(738,27),(739,31),(740,37),(741,25),(742,25),(743,30),(744,48),(745,40),(746,25),(747,27),(748,27),(749,26),(750,30),(751,25),(752,28),(753,34),(754,32),(755,24),(756,32),(757,44),(758,30),(759,52),(760,37),(761,25),(762,36),(763,25),(764,30),(765,28),(766,31),(767,27),(768,22),(769,23),(770,45),(771,22),(772,24),(773,25),(774,29),(775,29),(776,29),(777,30),(778,41),(779,25),(780,28),(781,26),(782,23),(783,46),(784,29),(785,31),(786,25),(787,28),(788,28),(789,23),(790,41),(791,32),(792,27),(793,25),(794,24),(795,25),(796,34),(797,26),(798,30),(799,26),(800,23),(801,27),(802,34),(803,32),(804,26),(805,29),(806,35),(807,34),(808,32),(809,28),(810,21),(811,31),(812,30),(813,34),(814,38),(815,30),(816,44),(817,44),(818,31),(819,29),(820,33),(821,22),(822,37),(823,26),(824,40),(825,24),(826,23),(827,26),(828,28),(829,26),(830,31),(831,31),(832,37),(833,25),(834,24),(835,34),(836,55),(837,31),(838,27),(839,29),(840,18),(841,46),(842,28),(843,27),(844,24),(845,31),(846,31),(847,24),(848,27),(849,40),(850,24),(851,27),(852,31),(853,34),(854,43),(855,35),(856,28),(857,31),(858,30),(859,16),(860,28),(861,31),(862,29),(863,35),(864,47),(865,24),(866,34),(867,26),(868,22),(869,25),(870,23),(871,21),(872,26),(873,18),(874,25),(875,23),(876,30),(877,18),(878,26),(879,27),(880,30),(881,27),(882,24),(883,28),(884,36),(885,20),(886,30),(887,24),(888,27),(889,28),(890,30),(891,18),(892,31),(893,33),(894,41),(895,41),(896,42),(897,23),(898,24),(899,38),(900,32),(901,30),(902,29),(903,25),(904,26),(905,29),(906,28),(907,35),(908,35),(909,21),(910,25),(911,22),(912,34),(913,31),(914,23),(915,23),(916,30),(917,29),(918,32),(919,22),(920,24),(921,21),(922,29),(923,37),(924,40),(925,28),(926,27),(927,40),(928,22),(929,25),(930,30),(931,30),(932,29),(933,25),(934,25),(935,27),(936,24),(937,20),(938,29),(939,39),(940,35),(941,34),(942,22),(943,28),(944,46),(945,32),(946,26),(947,33),(948,36),(949,42),(950,31),(951,45),(952,32),(953,54),(954,26),(955,34),(956,33),(957,27),(958,24),(959,27),(960,39),(961,20),(962,22),(963,25),(964,25),(965,27),(966,26),(967,34),(968,26),(969,27),(970,30),(971,26),(972,28),(973,23),(974,27),(975,32),(976,35),(977,29),(978,26),(979,27),(980,42),(981,31),(982,22),(983,37),(984,26),(985,39),(986,28),(987,24),(988,45),(989,44),(990,32),(991,31),(992,28),(993,26),(994,28),(995,28),(996,31),(997,21);
/*!40000 ALTER TABLE `Vitals` ENABLE KEYS */;
UNLOCK TABLES;
/*!40103 SET TIME_ZONE=@OLD_TIME_ZONE */;

/*!40101 SET SQL_MODE=@OLD_SQL_MODE */;
/*!40014 SET FOREIGN_KEY_CHECKS=@OLD_FOREIGN_KEY_CHECKS */;
/*!40014 SET UNIQUE_CHECKS=@OLD_UNIQUE_CHECKS */;
/*!40101 SET CHARACTER_SET_CLIENT=@OLD_CHARACTER_SET_CLIENT */;
/*!40101 SET CHARACTER_SET_RESULTS=@OLD_CHARACTER_SET_RESULTS */;
/*!40101 SET COLLATION_CONNECTION=@OLD_COLLATION_CONNECTION */;
/*!40111 SET SQL_NOTES=@OLD_SQL_NOTES */;

-- Dump completed on 2025-12-10  1:02:49
